name,name_en,brand_id,status,description,
HR-V,HR-V,1,1,,
CR-V,CR-V,1,1,,
CR-V Hybrid,CR-V Hybrid,1,1,,
Passport,Passport,1,1,,
Pilot,Pilot,1,1,,
Civic Sedan,Civic Sedan,1,1,,
Insight,Insight,1,1,,
Accord,Accord,1,1,,
Civic Si Sedan,Civic Si Sedan,1,1,,
Accord Hybrid,Accord Hybrid,1,1,,
Clarity Plug-In Hybrid,Clarity Plug-In Hybrid,1,1,,
Clarity Fuel Cell,Clarity Fuel Cell,1,1,,
Civic Coupe,Civic Coupe,1,1,,
Civic Si Coupe,Civic Si Coupe,1,1,,
Fit,Fit,1,1,,
Civic Hatchback,Civic Hatchback,1,1,,
Civic Type R,Civic Type R,1,1,,
Odyssey,Odyssey,1,1,,
Ridgeline,Ridgeline,1,1,,
S500,S500,1,1,,
S600/SM600,S600/SM600,1,1,,
S800,S800,1,1,,
S2000,S2000,1,1,,
L700,L700,1,1,,
L800,L800,1,1,,
N360/N400,N360/N400,1,1,,
N600,N600,1,1,,
Accord Euro,Accord Euro,1,1,,
Spirior,Spirior,1,1,,
Accord Plug-in Hybrid,Accord Plug-in Hybrid,1,1,,
Airwave,Airwave,1,1,,
Ascot,Ascot,1,1,,
Avancier,Avancier,1,1,,
Beat,Beat,1,1,,
Capa,Capa,1,1,,
Civic Hybrid,Civic Hybrid,1,1,,
Civic Natural Gas,Civic Natural Gas,1,1,,
Concerto,Concerto,1,1,,
Crosstour,Crosstour,1,1,,
CR-X,CR-X,1,1,,
CR-X del Sol,CR-X del Sol,1,1,,
Crossroad,Crossroad,1,1,,
CR-Z HPD,CR-Z HPD,1,1,,
CR-Z,CR-Z,1,1,,
Domani,Domani,1,1,,
Edix,Edix,1,1,,
Element,Element,1,1,,
EV Plus,EV Plus,1,1,,
FCX,FCX,1,1,,
Fit Aria,Fit Aria,1,1,,
Fit EV,Fit EV,1,1,,
FR-V,FR-V,1,1,,
Inspire,Inspire,1,1,,
Insight,Insight,1,1,,
Integra,Integra,1,1,,
Jazz,Jazz,1,1,,
LaGreat,LaGreat,1,1,,
Life,Life,1,1,,
Life Dunk,Life Dunk,1,1,,
Life StepVan,Life StepVan,1,1,,
Life Pick-Up,Life Pick-Up,1,1,,
Logo,Logo,1,1,,
Mobilio Spike,Mobilio Spike,1,1,,
NSX-R,NSX-R,1,1,,
Orthia,Orthia,1,1,,
Partner,Partner,1,1,,
Partner,Partner,1,1,,
Passport,Passport,1,1,,
Prelude,Prelude,1,1,,
Quint/Quintet,Quint/Quintet,1,1,,
Rafaga,Rafaga,1,1,,
S-MX,S-MX,1,1,,
Saber,Saber,1,1,,
Stream,Stream,1,1,,
That's,That's,1,1,,
Today,Today,1,1,,
Torneo,Torneo,1,1,,
Vamos,Vamos,1,1,,
Vamos Hobio,Vamos Hobio,1,1,,
Zest,Zest,1,1,,
Z,Z,1,1,,
Beat (FC50),Beat (FC50),1,1,,
"Super Cub C100, CA100, C102, C50, Sports C110, C111. C110D, C114","Super Cub C100, CA100, C102, C50, Sports C110, C111. C110D, C114",1,1,,
CB50,CB50,1,1,,
Dio,Dio,1,1,,
Elite E (SB50),Elite E (SB50),1,1,,
Elsinore (MR50),Elsinore (MR50),1,1,,
Express (NC50),Express (NC50),1,1,,
Hunter Cub (CT50),Hunter Cub (CT50),1,1,,
"MB5, MB50","MB5, MB50",1,1,,
"Melody NB50, ND50, NP50, NS50","Melody NB50, ND50, NP50, NS50",1,1,,
Metropolitan Jazz (CHF 50),Metropolitan Jazz (CHF 50),1,1,,
Metropolitan II (CHF50P),Metropolitan II (CHF50P),1,1,,
Motra (CT50),Motra (CT50),1,1,,
"MT5, MT50","MT5, MT50",1,1,,
NCZ50 also known as Motocompo,NCZ50 also known as Motocompo,1,1,,
Spree (NQ50),Spree (NQ50),1,1,,
Mini Trail (Z50A),Mini Trail (Z50A),1,1,,
Mini Trail (Z50M),Mini Trail (Z50M),1,1,,
Mini Trail (Z50R),Mini Trail (Z50R),1,1,,
Mini Trail (Z50J),Mini Trail (Z50J),1,1,,
"Moped (P50, P25)","Moped (P50, P25)",1,1,,
Moped (PA50/Hobbit/Camino),Moped (PA50/Hobbit/Camino),1,1,,
Moped (PF50/Amigo),Moped (PF50/Amigo),1,1,,
"Moped (PC50, PS50)","Moped (PC50, PS50)",1,1,,
Moped (SFX50),Moped (SFX50),1,1,,
Moped (SH50),Moped (SH50),1,1,,
Moped (X8RS),Moped (X8RS),1,1,,
SGX50 (Sky),SGX50 (Sky),1,1,,
SS50,SS50,1,1,,
"Trail 50 (C100H, C100T, CA100T)","Trail 50 (C100H, C100T, CA100T)",1,1,,
XR50R,XR50R,1,1,,
ZB50,ZB50,1,1,,
Zoomer/Ruckus (NPS50),Zoomer/Ruckus (NPS50),1,1,,
AC15,AC15,1,1,,
"Super Cub C105, CD105, Honda C115 Sports","Super Cub C105, CD105, Honda C115 Sports",1,1,,
"Trail 55 (C105H, C105T, CA105T)","Trail 55 (C105H, C105T, CA105T)",1,1,,
"Super Cub C65, S65","Super Cub C65, S65",1,1,,
"C70 Passport, CD70","C70 Passport, CD70",1,1,,
Motosport (SL70),Motosport (SL70),1,1,,
Motosport (XL70),Motosport (XL70),1,1,,
"ST70, CT70 Trail 70","ST70, CT70 Trail 70",1,1,,
Scrambler (CL70),Scrambler (CL70),1,1,,
XL80,XL80,1,1,,
Aero 80 (NH80),Aero 80 (NH80),1,1,,
XR80,XR80,1,1,,
CR85R Expert,CR85R Expert,1,1,,
Super Cub C90 (12 volt),Super Cub C90 (12 volt),1,1,,
"Super Cub CM90, Honda Trail 90 C200","Super Cub CM90, Honda Trail 90 C200",1,1,,
Trail 90 (CT200),Trail 90 (CT200),1,1,,
"Super Cub CM91, C90 (6 volt), CD90","Super Cub CM91, C90 (6 volt), CD90",1,1,,
Trail 90 (CT90),Trail 90 (CT90),1,1,,
"S90 CS90, Sport 90, Super 90","S90 CS90, Sport 90, Super 90",1,1,,
Super Cub C100EX,Super Cub C100EX,1,1,,
Astrea Prima (C100EX),Astrea Prima (C100EX),1,1,,
"Astrea Grand, Astrea Impressa, Dream 100, Astrea Legenda (C100EX)","Astrea Grand, Astrea Impressa, Dream 100, Astrea Legenda (C100EX)",1,1,,
Astrea Supra 100 Series (C100EX),Astrea Supra 100 Series (C100EX),1,1,,
"SupraFit, FitX, Wave 100(NF100)","SupraFit, FitX, Wave 100(NF100)",1,1,,
Revo 100 (NF100),Revo 100 (NF100),1,1,,
"CB 100 (K0,K1,K2,K3,K4,K5,CB100N)","CB 100 (K0,K1,K2,K3,K4,K5,CB100N)",1,1,,
Bravo,Bravo,1,1,,
Scrambler (CL100),Scrambler (CL100),1,1,,
H100S Super,H100S Super,1,1,,
Bali also known as SJ 100,Bali also known as SJ 100,1,1,,
Dio/Lead,Dio/Lead,1,1,,
Trail 110 (CT110),Trail 110 (CT110),1,1,,
GL-100 ASIA,GL-100 ASIA,1,1,,
Tena,Tena,1,1,,
Activa,Activa,1,1,,
"Blade 110R, WaveDash 110R, CZ-i (NF11A)","Blade 110R, WaveDash 110R, CZ-i (NF11A)",1,1,,
Aviator,Aviator,1,1,,
"Revo 110 series, Wave 110 Series (NF110)","Revo 110 series, Wave 110 Series (NF110)",1,1,,
"CB Twister, CB110","CB Twister, CB110",1,1,,
Dream Yuga/Dream Neo/CD 110 Dream,Dream Yuga/Dream Neo/CD 110 Dream,1,1,,
Livo,Livo,1,1,,
Honda iCON / BeAT 110 AT Series,Honda iCON / BeAT 110 AT Series,1,1,,
Honda S110 Benly,Honda S110 Benly,1,1,,
Honda Vario AT / CLICK AT,Honda Vario AT / CLICK AT,1,1,,
Honda Vario TECHNO AT,Honda Vario TECHNO AT,1,1,,
Honda Scoopy AT,Honda Scoopy AT,1,1,,
Honda Spacy AT,Honda Spacy AT,1,1,,
Super Cub 110,Super Cub 110,1,1,,
XRM,XRM,1,1,,
CB125,CB125,1,1,,
XL125,XL125,1,1,,
MT125R,MT125R,1,1,,
"Benly (C92, CB92)","Benly (C92, CB92)",1,1,,
CB125E,CB125E,1,1,,
CD125TC Benly,CD125TC Benly,1,1,,
CB125TD Super dream,CB125TD Super dream,1,1,,
GL-125,GL-125,1,1,,
GL-Max 125 (CB125JX),GL-Max 125 (CB125JX),1,1,,
GL-Max NeoTech 1250 (GL-125),GL-Max NeoTech 1250 (GL-125),1,1,,
Super Sport (CG125),Super Sport (CG125),1,1,,
"CLR125 ""CityFly""","CLR125 ""CityFly""",1,1,,
CM125,CM125,1,1,,
Nova Dash RS,Nova Dash RS,1,1,,
Kirana (NF125 KPH),Kirana (NF125 KPH),1,1,,
Karisma (NF125 KPH),Karisma (NF125 KPH),1,1,,
Supra X 125 (NF125 KPH),Supra X 125 (NF125 KPH),1,1,,
New Supra X 125 Fi (NF125 KYZ),New Supra X 125 Fi (NF125 KYZ),1,1,,
Blade 125 Fi(NF125 KYZ),Blade 125 Fi(NF125 KYZ),1,1,,
Elsinore (CR125M),Elsinore (CR125M),1,1,,
Juno M80,Juno M80,1,1,,
Honda LS125R,Honda LS125R,1,1,,
Honda NS125,Honda NS125,1,1,,
"NSR125 (JC20, JC21)","NSR125 (JC20, JC21)",1,1,,
Scrambler (CL125),Scrambler (CL125),1,1,,
Varadero (XL125V),Varadero (XL125V),1,1,,
Aero & Lead (NH125),Aero & Lead (NH125),1,1,,
CBR125,CBR125,1,1,,
Atlas Honda CG125,Atlas Honda CG125,1,1,,
Dylan 125,Dylan 125,1,1,,
Innova (ANF125),Innova (ANF125),1,1,,
Pantheon FES125,Pantheon FES125,1,1,,
PCX125,PCX125,1,1,,
RC143,RC143,1,1,,
Rebel,Rebel,1,1,,
Shadow,Shadow,1,1,,
Vario 125 / Click 125 / AirBlade 125,Vario 125 / Click 125 / AirBlade 125,1,1,,
Shine,Shine,1,1,,
Nova Sonic RS125,Nova Sonic RS125,1,1,,
Super Sport (CB125),Super Sport (CB125),1,1,,
Super Sport (SS125),Super Sport (SS125),1,1,,
Grom,Grom,1,1,,
GL-PRO (GL-145),GL-PRO (GL-145),1,1,,
GL-PRO Black Engine (GL-145 Black),GL-PRO Black Engine (GL-145 Black),1,1,,
CRF150L,CRF150L,1,1,,
CRF150R,CRF150R,1,1,,
CRF150R Expert,CRF150R Expert,1,1,,
CRF150F,CRF150F,1,1,,
Unicorn,Unicorn,1,1,,
Unicorn Dazzler,Unicorn Dazzler,1,1,,
Trigger,Trigger,1,1,,
CB150R (K15),CB150R (K15),1,1,,
Verza (GL150),Verza (GL150),1,1,,
New Mega Pro (GL150),New Mega Pro (GL150),1,1,,
CBR150R,CBR150R,1,1,,
CBR150R K45,CBR150R K45,1,1,,
Winner 150 / Supra 150 GTR / RS150R,Winner 150 / Supra 150 GTR / RS150R,1,1,,
Pantheon (FES150),Pantheon (FES150),1,1,,
NSR150RR/SP (NS150),NSR150RR/SP (NS150),1,1,,
FSX150 (NS150),FSX150 (NS150),1,1,,
"SH150, SH150i","SH150, SH150i",1,1,,
Benly (C95),Benly (C95),1,1,,
TMX155,TMX155,1,1,,
GL PRO NeoTech 1600 (GL-160),GL PRO NeoTech 1600 (GL-160),1,1,,
Mega Pro 1600 (GL-160),Mega Pro 1600 (GL-160),1,1,,
Juno M85,Juno M85,1,1,,
CD175,CD175,1,1,,
Super Sport (CB175),Super Sport (CB175),1,1,,
XL175,XL175,1,1,,
Juno K,Juno K,1,1,,
Reflex (TLR200),Reflex (TLR200),1,1,,
Tiger 2000 (GL-200),Tiger 2000 (GL-200),1,1,,
Phantom (TA200),Phantom (TA200),1,1,,
CB200,CB200,1,1,,
CL200,CL200,1,1,,
Fatcat (TR200),Fatcat (TR200),1,1,,
Roadmaster (CD200),Roadmaster (CD200),1,1,,
Honda TLR200,Honda TLR200,1,1,,
Juno KA/KB,Juno KA/KB,1,1,,
CD250U,CD250U,1,1,,
"CM250C, CM250T","CM250C, CM250T",1,1,,
Nighthawk (CB250),Nighthawk (CB250),1,1,,
"Rebel (CMX250C, CMX250CD)","Rebel (CMX250C, CMX250CD)",1,1,,
CR250R,CR250R,1,1,,
Elsinore (CR250M),Elsinore (CR250M),1,1,,
Integra (VT250F),Integra (VT250F),1,1,,
Big Ruckus (PS250),Big Ruckus (PS250),1,1,,
Dream (CB250),Dream (CB250),1,1,,
Hornet (CB250F),Hornet (CB250F),1,1,,
CB250 G5,CB250 G5,1,1,,
Super Dream (CB250N),Super Dream (CB250N),1,1,,
CBR250,CBR250,1,1,,
CBX250RS,CBX250RS,1,1,,
CRF250L,CRF250L,1,1,,
MVX250F (MC09),MVX250F (MC09),1,1,,
"NSR250R (MC16, MC18, MC21, MC28)","NSR250R (MC16, MC18, MC21, MC28)",1,1,,
Reflex (NSS250),Reflex (NSS250),1,1,,
NX250/AX-1,NX250/AX-1,1,1,,
"Spada (VT250L, MC20)","Spada (VT250L, MC20)",1,1,,
XR250R,XR250R,1,1,,
CBF250,CBF250,1,1,,
CBR250R (MC41),CBR250R (MC41),1,1,,
CJ250T,CJ250T,1,1,,
Dream (C70),Dream (C70),1,1,,
"Dream (C71, C72)","Dream (C71, C72)",1,1,,
Hawk (CB72),Hawk (CB72),1,1,,
Helix (CN250),Helix (CN250),1,1,,
Sport (CB250),Sport (CB250),1,1,,
CB250RS,CB250RS,1,1,,
VTR250 (Interceptor and MC33),VTR250 (Interceptor and MC33),1,1,,
XL250,XL250,1,1,,
CB300R,CB300R,1,1,,
XRE300,XRE300,1,1,,
"Dream (C76, C77)","Dream (C76, C77)",1,1,,
Scrambler (CL77),Scrambler (CL77),1,1,,
Super Hawk (CB77),Super Hawk (CB77),1,1,,
CB350 Super Sport,CB350 Super Sport,1,1,,
Four (CB350F),Four (CB350F),1,1,,
Sport (CB350),Sport (CB350),1,1,,
XL350R,XL350R,1,1,,
Scrambler (CL360),Scrambler (CL360),1,1,,
"Sport (CB360, CB360T)","Sport (CB360, CB360T)",1,1,,
CL400,CL400,1,1,,
NS400R,NS400R,1,1,,
CB400A Hawk Hondamatic,CB400A Hawk Hondamatic,1,1,,
CB400N,CB400N,1,1,,
"Hawk (CB400T, CB400T II)","Hawk (CB400T, CB400T II)",1,1,,
CM400,CM400,1,1,,
VRX400 Roadster,VRX400 Roadster,1,1,,
"CB-1 (CB400F, NC27)","CB-1 (CB400F, NC27)",1,1,,
RVF400R (NC35),RVF400R (NC35),1,1,,
VF400F (NC13),VF400F (NC13),1,1,,
VFR400 (NC30),VFR400 (NC30),1,1,,
"CBR400RR (NC23, NC29)","CBR400RR (NC23, NC29)",1,1,,
CBX400,CBX400,1,1,,
(Bros) NT400,(Bros) NT400,1,1,,
Four (CB400F),Four (CB400F),1,1,,
Scrambler (CL450),Scrambler (CL450),1,1,,
Sport/Hellcat (CB450),Sport/Hellcat (CB450),1,1,,
Nighthawk (CB450SC),Nighthawk (CB450SC),1,1,,
CB450DX (CB450N/PC14),CB450DX (CB450N/PC14),1,1,,
Hondamatic (CM450A),Hondamatic (CM450A),1,1,,
Rebel (CMX450),Rebel (CMX450),1,1,,
CRF450R,CRF450R,1,1,,
CR480,CR480,1,1,,
"Ascot (VT500, VT500FT)","Ascot (VT500, VT500FT)",1,1,,
(VT500E),(VT500E),1,1,,
Ascot (FT500),Ascot (FT500),1,1,,
CBF500,CBF500,1,1,,
CX500,CX500,1,1,,
Four (CB500),Four (CB500),1,1,,
Shadow VT500,Shadow VT500,1,1,,
Interceptor (VF500F),Interceptor (VF500F),1,1,,
Magna V30 (VF500C),Magna V30 (VF500C),1,1,,
NSR500,NSR500,1,1,,
Silver Wing (GL500),Silver Wing (GL500),1,1,,
Sport (CB500 twin),Sport (CB500 twin),1,1,,
Tourist Trophy (GB500),Tourist Trophy (GB500),1,1,,
Turbo (CX500),Turbo (CX500),1,1,,
XBR500,XBR500,1,1,,
Four (CB550F),Four (CB550F),1,1,,
Nighthawk (CB550SC),Nighthawk (CB550SC),1,1,,
Four (CBX550F/FII),Four (CBX550F/FII),1,1,,
"CB600F also known as Hornet, and 599","CB600F also known as Hornet, and 599",1,1,,
CBF600N,CBF600N,1,1,,
CBF600S,CBF600S,1,1,,
Hurricane (CBR600F),Hurricane (CBR600F),1,1,,
Honda CBR600F2,Honda CBR600F2,1,1,,
Honda CBR600F3,Honda CBR600F3,1,1,,
CBR600F4i,CBR600F4i,1,1,,
CBR600RR,CBR600RR,1,1,,
Shadow (VT600C VLX),Shadow (VT600C VLX),1,1,,
Transalp (XL600V),Transalp (XL600V),1,1,,
XR600R (offroad),XR600R (offroad),1,1,,
Four (CB650),Four (CB650),1,1,,
Deauville (NT650V),Deauville (NT650V),1,1,,
CBX650,CBX650,1,1,,
Bros/HawkGT (NT650),Bros/HawkGT (NT650),1,1,,
NTV/Revere (NTV650),NTV/Revere (NTV650),1,1,,
Nighthawk (CB650SC),Nighthawk (CB650SC),1,1,,
Silver Wing (GL650),Silver Wing (GL650),1,1,,
Transalp (XL650V),Transalp (XL650V),1,1,,
Turbo (CX650T),Turbo (CX650T),1,1,,
Africa Twin (RD03),Africa Twin (RD03),1,1,,
XR650L,XR650L,1,1,,
Dominator (NX650),Dominator (NX650),1,1,,
Honda CTX700N,Honda CTX700N,1,1,,
Nighthawk (CB700SC),Nighthawk (CB700SC),1,1,,
Honda DN-01,Honda DN-01,1,1,,
Deauville (NT700V),Deauville (NT700V),1,1,,
Transalp (XL700V),Transalp (XL700V),1,1,,
Honda NC700D Integra,Honda NC700D Integra,1,1,,
Four (CB750),Four (CB750),1,1,,
Hondamatic (CB750A),Hondamatic (CB750A),1,1,,
Africa Twin (RD07),Africa Twin (RD07),1,1,,
CBX750,CBX750,1,1,,
"Interceptor (VF750F, VFR750)","Interceptor (VF750F, VFR750)",1,1,,
Magna (VF750C V45),Magna (VF750C V45),1,1,,
Magna Deluxe (VF750CD),Magna Deluxe (VF750CD),1,1,,
Sabre (VF750S),Sabre (VF750S),1,1,,
"Nighthawk (CB750, CB750SC)","Nighthawk (CB750, CB750SC)",1,1,,
VFR750R RC30,VFR750R RC30,1,1,,
RVF750 RC45,RVF750 RC45,1,1,,
NR,NR,1,1,,
XLV750R,XLV750R,1,1,,
RC212V,RC212V,1,1,,
Interceptor (VFR800FI),Interceptor (VFR800FI),1,1,,
Pacific Coast (PC800),Pacific Coast (PC800),1,1,,
Crossrunner,Crossrunner,1,1,,
CBR900RR including CBR954RR,CBR900RR including CBR954RR,1,1,,
Custom (CB900C),Custom (CB900C),1,1,,
Super Sport (CB900F) a.k.a. 919,Super Sport (CB900F) a.k.a. 919,1,1,,
RC211V,RC211V,1,1,,
Gold Wing (GL1000),Gold Wing (GL1000),1,1,,
CB1000,CB1000,1,1,,
CB1000R,CB1000R,1,1,,
CBF1000,CBF1000,1,1,,
CBR1000RR,CBR1000RR,1,1,,
Custom (CB1000C),Custom (CB1000C),1,1,,
CBX1000,CBX1000,1,1,,
Hurricane (CBR1000F),Hurricane (CBR1000F),1,1,,
RC51 (RVT1000R),RC51 (RVT1000R),1,1,,
Honda VTR1000f (a.k.a. Super Hawk a.k.a. Firestorm),Honda VTR1000f (a.k.a. Super Hawk a.k.a. Firestorm),1,1,,
Super Sport (CBX),Super Sport (CBX),1,1,,
VTR1000R (RVT1000) SP1 & SP2 RC51,VTR1000R (RVT1000) SP1 & SP2 RC51,1,1,,
XL1000V Varadero,XL1000V Varadero,1,1,,
Gold Wing (GL1100),Gold Wing (GL1100),1,1,,
CBR1100XX,CBR1100XX,1,1,,
Magna (VF1100C V65),Magna (VF1100C V65),1,1,,
Sabre (VF1100S V65),Sabre (VF1100S V65),1,1,,
Pan-European (ST1100),Pan-European (ST1100),1,1,,
Super Sport (CB1100F),Super Sport (CB1100F),1,1,,
Racing Modified CB1100F (CB1100R),Racing Modified CB1100F (CB1100R),1,1,,
X11 (CB1100SF),X11 (CB1100SF),1,1,,
CB1100 (CB1100A),CB1100 (CB1100A),1,1,,
Gold Wing (GL1200),Gold Wing (GL1200),1,1,,
VFR1200F,VFR1200F,1,1,,
CB1300,CB1300,1,1,,
Pan-European (ST1300),Pan-European (ST1300),1,1,,
Gold Wing (GL1500),Gold Wing (GL1500),1,1,,
Valkyrie (GL1500C/F6C),Valkyrie (GL1500C/F6C),1,1,,
Gold Wing (GL1800),Gold Wing (GL1800),1,1,,
Century,Century,3,1,,
Crown,Crown,3,1,,
MIRAI,MIRAI,3,1,,
CAMRY,CAMRY,3,1,,
CAMRY WS,CAMRY WS,3,1,,
PRIUS,PRIUS,3,1,,
PRIUS PHV,PRIUS PHV,3,1,,
PREMIO,PREMIO,3,1,,
ALLION,ALLION,3,1,,
Avalon,Avalon,3,1,,
Vios,Vios,3,1,,
Etios,Etios,3,1,,
COROLLA,COROLLA,3,1,,
Corolla Sport,Corolla Sport,3,1,,
AQUA,AQUA,3,1,,
AQUA CROSSOVER,AQUA CROSSOVER,3,1,,
YARIS,YARIS,3,1,,
PORTE,PORTE,3,1,,
SPADE,SPADE,3,1,,
PASSO,PASSO,3,1,,
PASSO MODA,PASSO MODA,3,1,,
Prius v,Prius v,3,1,,
Corolla Touring,Corolla Touring,3,1,,
Supra,Supra,3,1,,
Toyota 86,Toyota 86,3,1,,
COPEN GR SPORT,COPEN GR SPORT,3,1,,
Land Cruiser,Land Cruiser,3,1,,
LAND CRUISER PRADO,LAND CRUISER PRADO,3,1,,
HILUX,HILUX,3,1,,
HARRIER,HARRIER,3,1,,
RAV4,RAV4,3,1,,
RAV4 ADVENTURE,RAV4 ADVENTURE,3,1,,
RAV4 PHV,RAV4 PHV,3,1,,
C-HR,C-HR,3,1,,
YARIS CROSS,YARIS CROSS,3,1,,
RAIZE,RAIZE,3,1,,
4Runner,4Runner,3,1,,
Corolla Cross,Corolla Cross,3,1,,
FJ Cruiser,FJ Cruiser,3,1,,
Fortuner,Fortuner,3,1,,
Highlander,Highlander,3,1,,
Rush,Rush,3,1,,
Sequoia,Sequoia,3,1,,
Urban Cruiser,Urban Cruiser,3,1,,
Venza,Venza,3,1,,
GranAce,GranAce,3,1,,
HIACE WAGON,HIACE WAGON,3,1,,
ALPHARD,ALPHARD,3,1,,
VELLFIRE,VELLFIRE,3,1,,
NOAH,NOAH,3,1,,
VOXY,VOXY,3,1,,
ESQUIRE,ESQUIRE,3,1,,
SIENTA,SIENTA,3,1,,
ROOMY,ROOMY,3,1,,
Pre-facelift model pictured,Pre-facelift model pictured,3,1,,
Avanza,Avanza,3,1,,
Calya,Calya,3,1,,
Innova,Innova,3,1,,
Sienna,Sienna,3,1,,
Coaster,Coaster,3,1,,
DYNA,DYNA,3,1,,
HIACE,HIACE,3,1,,
PROBOX,PROBOX,3,1,,
TOWNACE,TOWNACE,3,1,,
Pixis Epoch,Pixis Epoch,3,1,,
PIXIS JOY,PIXIS JOY,3,1,,
PIXIS MEGA,PIXIS MEGA,3,1,,
Pixis truck,Pixis truck,3,1,,
Pixis van,Pixis van,3,1,,
Agya,Agya,3,1,,
AYGO,AYGO,3,1,,
ETIOS LIVA,ETIOS LIVA,3,1,,
GLANZA/STARLET,GLANZA/STARLET,3,1,,
PRIUS C,PRIUS C,3,1,,
YARIS (Asia),YARIS (Asia),3,1,,
YARIS (North America),YARIS (North America),3,1,,
HiAce,HiAce,3,1,,
PROACE,PROACE,3,1,,
TACOMA,TACOMA,3,1,,
TUNDRA,TUNDRA,3,1,,
Dyna,Dyna,3,1,,
Accent,Accent,4,1,,
Elantra,Elantra,4,1,,
Sonata,Sonata,4,1,,
Ioniq,Ioniq,4,1,,
i40,i40,4,1,,
Mistra,Mistra,4,1,,
Grandeur,Grandeur,4,1,,
i10,i10,4,1,,
i20,i20,4,1,,
i30,i30,4,1,,
Xcent,Xcent,4,1,,
Veloster,Veloster,4,1,,
Creta,Creta,4,1,,
Venue,Venue,4,1,,
Santa Fe,Santa Fe,4,1,,
Tucson,Tucson,4,1,,
Kona,Kona,4,1,,
Nexo,Nexo,4,1,,
Palisade,Palisade,4,1,,
Starex,Starex,4,1,,
Porter,Porter,4,1,,
Mighty,Mighty,4,1,,
H350,H350,4,1,,
Mega Truck,Mega Truck,4,1,,
New Power Truck,New Power Truck,4,1,,
Aero City,Aero City,4,1,,
Aero Town,Aero Town,4,1,,
County,County,4,1,,
Universe,Universe,4,1,,
Swift 5 doors,Swift 5 doors,5,1,,
Baleno,Baleno,5,1,,
Aerio / Liana,Aerio / Liana,5,1,,
Alto,Alto,5,1,,
Reno,Reno,5,1,,
Splash,Splash,5,1,,
Swift 3 doors,Swift 3 doors,5,1,,
Wagon R,Wagon R,5,1,,
Ignis,Ignis,5,1,,
Jimny,Jimny,5,1,,
Vitara,Vitara,5,1,,
SX4 Crossover,SX4 Crossover,5,1,,
Escudo / Vitara 3 doors,Escudo / Vitara 3 doors,5,1,,
Escudo / Grand vitara 3 doors,Escudo / Grand vitara 3 doors,5,1,,
Escudo / Grand vitara 5 doors,Escudo / Grand vitara 5 doors,5,1,,
X90,X90,5,1,,
XL7,XL7,5,1,,
Ertiga,Ertiga,5,1,,
APV,APV,5,1,,
Aerio / Liana sedan,Aerio / Liana sedan,5,1,,
Forenza sedan,Forenza sedan,5,1,,
Kizashi,Kizashi,5,1,,
Swift sedan,Swift sedan,5,1,,
SX4 sedan,SX4 sedan,5,1,,
Verona,Verona,5,1,,
Swift cabriolet,Swift cabriolet,5,1,,
Equator,Equator,5,1,,
Boulevard C50 (VL800 Volusia),Boulevard C50 (VL800 Volusia),5,1,,
Boulevard C90 (Intruder VL1500),Boulevard C90 (Intruder VL1500),5,1,,
Boulevard C109R (Intruder C1800R),Boulevard C109R (Intruder C1800R),5,1,,
Boulevard M50 (Intruder M800),Boulevard M50 (Intruder M800),5,1,,
Boulevard M90R (Intruder M1500R),Boulevard M90R (Intruder M1500R),5,1,,
Boulevard M109R (Intruder M1800R),Boulevard M109R (Intruder M1800R),5,1,,
Boulevard S40 (LS650 Savage),Boulevard S40 (LS650 Savage),5,1,,
Boulevard S50 (Intruder),Boulevard S50 (Intruder),5,1,,
Boulevard S83 (Intruder VS1400),Boulevard S83 (Intruder VS1400),5,1,,
Intruder series,Intruder series,5,1,,
VS400,VS400,5,1,,
VS600,VS600,5,1,,
VS700,VS700,5,1,,
VS750,VS750,5,1,,
VS800,VS800,5,1,,
VS1400,VS1400,5,1,,
"Madura series (85,86 only)","Madura series (85,86 only)",5,1,,
Marauder VZ800 (VZ800 Marauder),Marauder VZ800 (VZ800 Marauder),5,1,,
DL 1000 V-Strom,DL 1000 V-Strom,5,1,,
RV 50 VanVan,RV 50 VanVan,5,1,,
RV 75,RV 75,5,1,,
RV 90 Rover,RV 90 Rover,5,1,,
RV 125 VanVan,RV 125 VanVan,5,1,,
RV 200 VanVan,RV 200 VanVan,5,1,,
SMX50,SMX50,5,1,,
SP series,SP series,5,1,,
SP100,SP100,5,1,,
SP125,SP125,5,1,,
SP200,SP200,5,1,,
SP250,SP250,5,1,,
SP370,SP370,5,1,,
SP400,SP400,5,1,,
SP500,SP500,5,1,,
SP600,SP600,5,1,,
TS series - Two Stroke Dual Purpose,TS series - Two Stroke Dual Purpose,5,1,,
TS50 Gaucho,TS50 Gaucho,5,1,,
TS75 Colt,TS75 Colt,5,1,,
TS80 Colt,TS80 Colt,5,1,,
TS90 Honcho,TS90 Honcho,5,1,,
TS100 Honcho,TS100 Honcho,5,1,,
TS125 Duster,TS125 Duster,5,1,,
TS185 Sierra,TS185 Sierra,5,1,,
TS200,TS200,5,1,,
TS250 Savage,TS250 Savage,5,1,,
TS400 Apache,TS400 Apache,5,1,,
PE series - [Pure Enduro] - Two stroke,PE series - [Pure Enduro] - Two stroke,5,1,,
PE175,PE175,5,1,,
PE250,PE250,5,1,,
PE400,PE400,5,1,,
AN Burgman series,AN Burgman series,5,1,,
JR50,JR50,5,1,,
MT50 Trailhopper,MT50 Trailhopper,5,1,,
PV50,PV50,5,1,,
RB50 GAG,RB50 GAG,5,1,,
GSV-R,GSV-R,5,1,,
GSX-RR,GSX-RR,5,1,,
RH72,RH72,5,1,,
TM series,TM series,5,1,,
TM75,TM75,5,1,,
TM100,TM100,5,1,,
TM125,TM125,5,1,,
TM250 (also known as RH67),TM250 (also known as RH67),5,1,,
TM400,TM400,5,1,,
DR series - Four stroke,DR series - Four stroke,5,1,,
DR125,DR125,5,1,,
DR200SE,DR200SE,5,1,,
DR350,DR350,5,1,,
DR600,DR600,5,1,,
DR650,DR650,5,1,,
DR-Z series - Four stroke,DR-Z series - Four stroke,5,1,,
DR-Z70,DR-Z70,5,1,,
DR-Z110,DR-Z110,5,1,,
DR-Z125,DR-Z125,5,1,,
DR-Z250,DR-Z250,5,1,,
DR-Z400,DR-Z400,5,1,,
RM/RMX series - Two stroke,RM/RMX series - Two stroke,5,1,,
RM50,RM50,5,1,,
RM60,RM60,5,1,,
RM65,RM65,5,1,,
RM80,RM80,5,1,,
RM80X,RM80X,5,1,,
RM85,RM85,5,1,,
RM100,RM100,5,1,,
RM125,RM125,5,1,,
RM250,RM250,5,1,,
RMX250,RMX250,5,1,,
RM370,RM370,5,1,,
RM400,RM400,5,1,,
RMX450Z,RMX450Z,5,1,,
RM465,RM465,5,1,,
RM500,RM500,5,1,,
RM-Z Series - Four stroke,RM-Z Series - Four stroke,5,1,,
RM-Z250,RM-Z250,5,1,,
RM-Z450,RM-Z450,5,1,,
DS50,DS50,5,1,,
DS80,DS80,5,1,,
DS100,DS100,5,1,,
DS125,DS125,5,1,,
DS185,DS185,5,1,,
RS175,RS175,5,1,,
RS250,RS250,5,1,,
TC series - Two Stroke Dual Purpose w/dual range transmission,TC series - Two Stroke Dual Purpose w/dual range transmission,5,1,,
TC90 Blazer,TC90 Blazer,5,1,,
TC100,TC100,5,1,,
TC125 Prospector,TC125 Prospector,5,1,,
TC185 Ranger,TC185 Ranger,5,1,,
TC200 Stingray,TC200 Stingray,5,1,,
TC250 Hustler,TC250 Hustler,5,1,,
TC305 Laredo,TC305 Laredo,5,1,,
Access 125,Access 125,5,1,,
Address V125 Police Scooter,Address V125 Police Scooter,5,1,,
Address 50,Address 50,5,1,,
Address R50,Address R50,5,1,,
AE50,AE50,5,1,,
AY50 Katana,AY50 Katana,5,1,,
CS,CS,5,1,,
CP50/80,CP50/80,5,1,,
Sepia ZZ,Sepia ZZ,5,1,,
SJ50,SJ50,5,1,,
RC50,RC50,5,1,,
Choinori,Choinori,5,1,,
Choinori SS,Choinori SS,5,1,,
FA50 (Suzuki Shuttle),FA50 (Suzuki Shuttle),5,1,,
FM50 (Suzuki Landie),FM50 (Suzuki Landie),5,1,,
FS50,FS50,5,1,,
FZ50,FZ50,5,1,,
FY50,FY50,5,1,,
M30 Mokick (Suzy 50),M30 Mokick (Suzy 50),5,1,,
M31 (Suzy 55),M31 (Suzy 55),5,1,,
Suzuki Let's,Suzuki Let's,5,1,,
SJK Mini Free MF1 (1954),SJK Mini Free MF1 (1954),5,1,,
Suzuki Suzumoped,Suzuki Suzumoped,5,1,,
FX110,FX110,5,1,,
Sixteens,Sixteens,5,1,,
Gemma,Gemma,5,1,,
FXR150,FXR150,5,1,,
GSX-R series,GSX-R series,5,1,,
GSX-R50,GSX-R50,5,1,,
GSX-R125,GSX-R125,5,1,,
GSX-R150,GSX-R150,5,1,,
GSX-R250,GSX-R250,5,1,,
GSX-R400,GSX-R400,5,1,,
GSX-R600,GSX-R600,5,1,,
GSX-R750,GSX-R750,5,1,,
GSX-R1000,GSX-R1000,5,1,,
GSX-R1100,GSX-R1100,5,1,,
GSX-1300R Hayabusa,GSX-1300R Hayabusa,5,1,,
RGV250,RGV250,5,1,,
Satria R,Satria R,5,1,,
Suzuki SFV Gladius,Suzuki SFV Gladius,5,1,,
SV650,SV650,5,1,,
SV1000(S),SV1000(S),5,1,,
TL1000R,TL1000R,5,1,,
TL1000S,TL1000S,5,1,,
XN85,XN85,5,1,,
DL650 V-Strom,DL650 V-Strom,5,1,,
A50,A50,5,1,,
A70,A70,5,1,,
A80,A80,5,1,,
A100,A100,5,1,,
AX100,AX100,5,1,,
TS125R,TS125R,5,1,,
GF 250,GF 250,5,1,,
GN series,GN series,5,1,,
GN125,GN125,5,1,,
GN250,GN250,5,1,,
GN400,GN400,5,1,,
GR650 (Tempter),GR650 (Tempter),5,1,,
GS series,GS series,5,1,,
GS125,GS125,5,1,,
GS150,GS150,5,1,,
GS150R,GS150R,5,1,,
GS250,GS250,5,1,,
GS300,GS300,5,1,,
GS400,GS400,5,1,,
GS425,GS425,5,1,,
GS450,GS450,5,1,,
GS500,GS500,5,1,,
GS550L,GS550L,5,1,,
GS650,GS650,5,1,,
GS700,GS700,5,1,,
GS750,GS750,5,1,,
GS850,GS850,5,1,,
GS1000,GS1000,5,1,,
GS1100,GS1100,5,1,,
Bandit series,Bandit series,5,1,,
GSF1200,GSF1200,5,1,,
GSR400,GSR400,5,1,,
GSR600,GSR600,5,1,,
GSR750,GSR750,5,1,,
GSR1000/Virus 1000,GSR1000/Virus 1000,5,1,,
GSX series,GSX series,5,1,,
GSX 150 Gixxer,GSX 150 Gixxer,5,1,,
GSX 150F Gixxer SF,GSX 150F Gixxer SF,5,1,,
GSX 250,GSX 250,5,1,,
GSX 250F (also known as Across),GSX 250F (also known as Across),5,1,,
GSX 250S Katana,GSX 250S Katana,5,1,,
GSX 400,GSX 400,5,1,,
GSX 400S,GSX 400S,5,1,,
GSX 400S Katana,GSX 400S Katana,5,1,,
GSX 550EF,GSX 550EF,5,1,,
GSX 600F,GSX 600F,5,1,,
GSX 650F,GSX 650F,5,1,,
GSX 700,GSX 700,5,1,,
GSX 750,GSX 750,5,1,,
GSX 750F,GSX 750F,5,1,,
GSX 750S Katana,GSX 750S Katana,5,1,,
GSX 1000,GSX 1000,5,1,,
GSX 1000S Katana,GSX 1000S Katana,5,1,,
GSX-F / Katana series,GSX-F / Katana series,5,1,,
GSX-S125,GSX-S125,5,1,,
GSX-S1000,GSX-S1000,5,1,,
GSX-S1000F,GSX-S1000F,5,1,,
GSX 1100F,GSX 1100F,5,1,,
GSX 1100S Katana,GSX 1100S Katana,5,1,,
GSX 1100 E/EF,GSX 1100 E/EF,5,1,,
GSX 1200 Inazuma,GSX 1200 Inazuma,5,1,,
GSX 1400,GSX 1400,5,1,,
GT series,GT series,5,1,,
GT50,GT50,5,1,,
GT100,GT100,5,1,,
GT125,GT125,5,1,,
GT185 Adventurer,GT185 Adventurer,5,1,,
GT200 Invader/X5,GT200 Invader/X5,5,1,,
GT250 Hustler/X7,GT250 Hustler/X7,5,1,,
GT380 Sebring,GT380 Sebring,5,1,,
GT500 Titan,GT500 Titan,5,1,,
GT550,GT550,5,1,,
GT750,GT750,5,1,,
GX series,GX series,5,1,,
GX125,GX125,5,1,,
GZ125 Marauder,GZ125 Marauder,5,1,,
GZ150,GZ150,5,1,,
GZ250 Marauder,GZ250 Marauder,5,1,,
OR50,OR50,5,1,,
RE5,RE5,5,1,,
RC 80,RC 80,5,1,,
RC 100 JetCooled,RC 100 JetCooled,5,1,,
RC 110 Crystal,RC 110 Crystal,5,1,,
RC 100 GS Tornado,RC 100 GS Tornado,5,1,,
RC 110 GX Tornado,RC 110 GX Tornado,5,1,,
RG50,RG50,5,1,,
RG125,RG125,5,1,,
RG150/RGV150,RG150/RGV150,5,1,,
RG200 Gamma,RG200 Gamma,5,1,,
RG250 Gamma,RG250 Gamma,5,1,,
RG400,RG400,5,1,,
RG500,RG500,5,1,,
SB200,SB200,5,1,,
SW-1,SW-1,5,1,,
T series,T series,5,1,,
T90 Wolf,T90 Wolf,5,1,,
T125 Stinger,T125 Stinger,5,1,,
T200 Invader (also known as X5),T200 Invader (also known as X5),5,1,,
T10,T10,5,1,,
"T20 ""Hustler"" (also known as X6)","T20 ""Hustler"" (also known as X6)",5,1,,
T250 Hustler,T250 Hustler,5,1,,
T305 Raider,T305 Raider,5,1,,
T350 Rebel,T350 Rebel,5,1,,
T500 Titan,T500 Titan,5,1,,
TU250/ST250,TU250/ST250,5,1,,
VX 800,VX 800,5,1,,
X7,X7,5,1,,
EN 125cc 2a,EN 125cc 2a,5,1,,
B-King,B-King,5,1,,
GV1400 Cavalcade,GV1400 Cavalcade,5,1,,
FR50,FR50,5,1,,
FR80,FR80,5,1,,
Stinger 120,Stinger 120,5,1,,
FX125,FX125,5,1,,
Raider 150,Raider 150,5,1,,
Satria,Satria,5,1,,
Shogun 110,Shogun 110,5,1,,
Shogun 125 R,Shogun 125 R,5,1,,
Smash,Smash,5,1,,
Crosscage - Fuel Cell,Crosscage - Fuel Cell,5,1,,
Stratosphere,Stratosphere,5,1,,
Skywave Type-S,Skywave Type-S,5,1,,
Address V50G,Address V50G,5,1,,
Biplane,Biplane,5,1,,
Nuda,Nuda,5,1,,
G-Strider,G-Strider,5,1,,
Recursion,Recursion,5,1,,
ZS 50 GY,ZS 50 GY,7,1,,
ZS 110-26,ZS 110-26,7,1,,
ZS 125-2,ZS 125-2,7,1,,
ZS 125-4,ZS 125-4,7,1,,
ZS 125 GY-A,ZS 125 GY-A,7,1,,
ZS 125 ST ATV,ZS 125 ST ATV,7,1,,
ZS 125 T-7,ZS 125 T-7,7,1,,
ZS 125 T-8,ZS 125 T-8,7,1,,
ZS 150 GY,ZS 150 GY,7,1,,
ZS 200 GY,ZS 200 GY,7,1,,
ZS 250 GY-3,ZS 250 GY-3,7,1,,
ZS 125 T-30,ZS 125 T-30,7,1,,
ZS 200 GS,ZS 200 GS,7,1,,
ZS 250 GS,ZS 250 GS,7,1,,
ZS 250-5,ZS 250-5,7,1,,
Zongshen 250cm-3 zs171fmm atv,Zongshen 250cm-3 zs171fmm atv,7,1,,
ZS 250GY-3,ZS 250GY-3,7,1,,
Lifan LF6361/1010,Lifan LF6361/1010,8,1,,
Lifan 320 / 330,Lifan 320 / 330,8,1,,
Lifan 520i,Lifan 520i,8,1,,
Lifan 520 / 530 / 620 / 630 / 650 / 720 / 820,Lifan 520 / 530 / 620 / 630 / 650 / 720 / 820,8,1,,
Lifan Xuanlang (M7),Lifan Xuanlang (M7),8,1,,
Lifan X50 / X60 / X70 / X80,Lifan X50 / X60 / X70 / X80,8,1,,
Lifan Maiwei,Lifan Maiwei,8,1,,
Lifan LF150-10S (KPR150),Lifan LF150-10S (KPR150),8,1,,
Lifan LF250GY-2 Cossack,Lifan LF250GY-2 Cossack,8,1,,
Lifan LF400 (399cc),Lifan LF400 (399cc),8,1,,
Lifan LF150-10B (KP150),Lifan LF150-10B (KP150),8,1,,
Lifan KPR 200,Lifan KPR 200,8,1,,
Lifan LF100-C(II) - (PONY 100II),Lifan LF100-C(II) - (PONY 100II),8,1,,
Cadenza/K7,Cadenza/K7,9,1,,
Ceed/Ceed SW/ProCeed,Ceed/Ceed SW/ProCeed,9,1,,
Forte/Cerato/K3,Forte/Cerato/K3,9,1,,
K4,K4,9,1,,
K9/K900/Quoris,K9/K900/Quoris,9,1,,
Optima/Magentis/K5,Optima/Magentis/K5,9,1,,
Pegas/Soluto,Pegas/Soluto,9,1,,
Picanto/Morning,Picanto/Morning,9,1,,
Ray,Ray,9,1,,
Rio/Rio5/Pride/K2,Rio/Rio5/Pride/K2,9,1,,
Stinger,Stinger,9,1,,
Pregio,Pregio,9,1,,
Stonic,Stonic,9,1,,
Soul,Soul,9,1,,
Seltos,Seltos,9,1,,
Carens/Rondo,Carens/Rondo,9,1,,
Sportage,Sportage,9,1,,
Carnival/Sedona,Carnival/Sedona,9,1,,
Sorento,Sorento,9,1,,
Mohave/Borrego,Mohave/Borrego,9,1,,
Telluride,Telluride,9,1,,
AM928,AM928,9,1,,
Granbird,Granbird,9,1,,
"Bongo, also sold as K2700/Strong/3000S/2500TCI","Bongo, also sold as K2700/Strong/3000S/2500TCI",9,1,,
K4000s,K4000s,9,1,,
Ceed Hybrid,Ceed Hybrid,9,1,,
Niro Hybrid Utility Vehicle,Niro Hybrid Utility Vehicle,9,1,,
Optima Hybrid,Optima Hybrid,9,1,,
Ray Plug-in hybrid,Ray Plug-in hybrid,9,1,,
Soul EV/e-Soul,Soul EV/e-Soul,9,1,,
MF-1,MF-1,10,1,,
YA-1,YA-1,10,1,,
YC-1,YC-1,10,1,,
YDS-3,YDS-3,10,1,,
YD-1,YD-1,10,1,,
DT-1,DT-1,10,1,,
XS-1,XS-1,10,1,,
Yamaha YZ Monocross,Yamaha YZ Monocross,10,1,,
Yamaha YZ400F ,Yamaha YZ400F ,10,1,,
AG100,AG100,10,1,,
AG175,AG175,10,1,,
AG200,AG200,10,1,,
Bop500,Bop500,10,1,,
BOP2 50,BOP2 50,10,1,,
Bop80,Bop80,10,1,,
BW80,BW80,10,1,,
Chappy50,Chappy50,10,1,,
Chappy80,Chappy80,10,1,,
CR5,CR5,10,1,,
CS3,CS3,10,1,,
CS5,CS5,10,1,,
CT1,CT1,10,1,,
CT2,CT2,10,1,,
CT3,CT3,10,1,,
TDR50,TDR50,10,1,,
TDR80,TDR80,10,1,,
AT-1,AT-1,10,1,,
AT-1MX,AT-1MX,10,1,,
AT-3,AT-3,10,1,,
DT-1 1968[1],DT-1 1968[1],10,1,,
DT1,DT1,10,1,,
DT-2,DT-2,10,1,,
DT-3,DT-3,10,1,,
DS5E,DS5E,10,1,,
DS6-C,DS6-C,10,1,,
DS6 2,DS6 2,10,1,,
DS7 2,DS7 2,10,1,,
DT50L,DT50L,10,1,,
DT50M,DT50M,10,1,,
DT50MX,DT50MX,10,1,,
DT50R,DT50R,10,1,,
DT50SM,DT50SM,10,1,,
DT50X,DT50X,10,1,,
DT80MX,DT80MX,10,1,,
DT80LC,DT80LC,10,1,,
DT80R,DT80R,10,1,,
DT100MX,DT100MX,10,1,,
DT100R,DT100R,10,1,,
DT125LC,DT125LC,10,1,,
DT125MX,DT125MX,10,1,,
DT125R,DT125R,10,1,,
DT125RE,DT125RE,10,1,,
DT125X,DT125X,10,1,,
DT175MX,DT175MX,10,1,,
DT200R,DT200R,10,1,,
DT 230 Lanza,DT 230 Lanza,10,1,,
DT250MX,DT250MX,10,1,,
DT250R,DT250R,10,1,,
DT350LC,DT350LC,10,1,,
DT350R,DT350R,10,1,,
DT360,DT360,10,1,,
DT360MX,DT360MX,10,1,,
DT400B,DT400B,10,1,,
DT400F,DT400F,10,1,,
DT400MX,DT400MX,10,1,,
DTE125,DTE125,10,1,,
DTE175,DTE175,10,1,,
DTF125,DTF125,10,1,,
DT RT4,DT RT4,10,1,,
Force1,Force1,10,1,,
FS1E[4],FS1E[4],10,1,,
F5C,F5C,10,1,,
GL750 Prototype,GL750 Prototype,10,1,,
GT50,GT50,10,1,,
GT80,GT80,10,1,,
GT100,GT100,10,1,,
GTI80,GTI80,10,1,,
90cc,90cc,10,1,,
H3-90,H3-90,10,1,,
HT-1B-90,HT-1B-90,10,1,,
IT125,IT125,10,1,,
IT175,IT175,10,1,,
IT200,IT200,10,1,,
IT250,IT250,10,1,,
IT465,IT465,10,1,,
IT490,IT490,10,1,,
JA75,JA75,10,1,,
L2,L2,10,1,,
L5T,L5T,10,1,,
L5TA,L5TA,10,1,,
LS2 100,LS2 100,10,1,,
LS3 100,LS3 100,10,1,,
L2GF 100,L2GF 100,10,1,,
L2G 100,L2G 100,10,1,,
LT 100,LT 100,10,1,,
LT 100 MX,LT 100 MX,10,1,,
LT2 100,LT2 100,10,1,,
LT2 100,LT2 100,10,1,,
LT3 100,LT3 100,10,1,,
MG1T,MG1T,10,1,,
MR50,MR50,10,1,,
MX50,MX50,10,1,,
MX80,MX80,10,1,,
MX100,MX100,10,1,,
MX125,MX125,10,1,,
MX175,MX175,10,1,,
MX250,MX250,10,1,,
MX360,MX360,10,1,,
MX400,MX400,10,1,,
MX500,MX500,10,1,,
PW50,PW50,10,1,,
PW80,PW80,10,1,,
QA50 Pocke,QA50 Pocke,10,1,,
QB50 Vogel,QB50 Vogel,10,1,,
QT50,QT50,10,1,,
RA31 125,RA31 125,10,1,,
RX50,RX50,10,1,,
RT180,RT180,10,1,,
R3C,R3C,10,1,,
R5,R5,10,1,,
RD50,RD50,10,1,,
RD50DX,RD50DX,10,1,,
RD50 M,RD50 M,10,1,,
RD50 SP,RD50 SP,10,1,,
RD60,RD60,10,1,,
RD125,RD125,10,1,,
RD135,RD135,10,1,,
RD200,RD200,10,1,,
RD250,RD250,10,1,,
RD350,RD350,10,1,,
RD400,RD400,10,1,,
RD80LC,RD80LC,10,1,,
RD125LC,RD125LC,10,1,,
RD250LC,RD250LC,10,1,,
RD350LC,RD350LC,10,1,,
RD500LC,RD500LC,10,1,,
RD350 YPVS,RD350 YPVS,10,1,,
RD350 F2,RD350 F2,10,1,,
RD350 YRS6,RD350 YRS6,10,1,,
RDX125,RDX125,10,1,,
RS200,RS200,10,1,,
R1-Z,R1-Z,10,1,,
RS,RS,10,1,,
RS-100,RS-100,10,1,,
RS100 B,RS100 B,10,1,,
RS125 DX,RS125 DX,10,1,,
RS-100T,RS-100T,10,1,,
RX-Z,RX-Z,10,1,,
RS 5-speed,RS 5-speed,10,1,,
RT-1,RT-1,10,1,,
RT-2,RT-2,10,1,,
RT-3,RT-3,10,1,,
RT-80,RT-80,10,1,,
RT-100,RT-100,10,1,,
RT150,RT150,10,1,,
RT180,RT180,10,1,,
RT360,RT360,10,1,,
RX50,RX50,10,1,,
RX 100,RX 100,10,1,,
RX DX,RX DX,10,1,,
RX100,RX100,10,1,,
RX115,RX115,10,1,,
RX-S 115,RX-S 115,10,1,,
RX-125,RX-125,10,1,,
RX-135 (also known as RX-K),RX-135 (also known as RX-K),10,1,,
RXZ135,RXZ135,10,1,,
RZ50,RZ50,10,1,,
RZ80,RZ80,10,1,,
RZ125,RZ125,10,1,,
RZ250,RZ250,10,1,,
RZ350,RZ350,10,1,,
RZ500,RZ500,10,1,,
RZV 500,RZV 500,10,1,,
SC 500 °°,SC 500 °°,10,1,,
SDR 200,SDR 200,10,1,,
Speed 120,Speed 120,10,1,,
TD2,TD2,10,1,,
TDR 50,TDR 50,10,1,,
TDR 80,TDR 80,10,1,,
TDR 125,TDR 125,10,1,,
TDR 180 Made in Brazil,TDR 180 Made in Brazil,10,1,,
TDR 240,TDR 240,10,1,,
TDR 250,TDR 250,10,1,,
Trailmaster-80,Trailmaster-80,10,1,,
Trailmaster-100,Trailmaster-100,10,1,,
TT125,TT125,10,1,,
TY50 Trial,TY50 Trial,10,1,,
TY80 Trial,TY80 Trial,10,1,,
TY80A Trial,TY80A Trial,10,1,,
TY80B Trial,TY80B Trial,10,1,,
TY125(type 541)Trial,TY125(type 541)Trial,10,1,,
TY125(type 1K6) Trial,TY125(type 1K6) Trial,10,1,,
TY175 Trial,TY175 Trial,10,1,,
TY200 Trial,TY200 Trial,10,1,,
TY250 Trial,TY250 Trial,10,1,,
TY250R Trial,TY250R Trial,10,1,,
TY250S Trial,TY250S Trial,10,1,,
TY250Z Trial,TY250Z Trial,10,1,,
TY350 Trial,TY350 Trial,10,1,,
TY350R Trial,TY350R Trial,10,1,,
TY350S Trial,TY350S Trial,10,1,,
TZR 50,TZR 50,10,1,,
TZR 80,TZR 80,10,1,,
TZR 125,TZR 125,10,1,,
TZR150,TZR150,10,1,,
TZR 250,TZR 250,10,1,,
TZM 150,TZM 150,10,1,,
TZ50,TZ50,10,1,,
TZ125,TZ125,10,1,,
TZ250,TZ250,10,1,,
TZ350,TZ350,10,1,,
TZ500,TZ500,10,1,,
TZ700,TZ700,10,1,,
TZ750,TZ750,10,1,,
V50,V50,10,1,,
V50P,V50P,10,1,,
V50M,V50M,10,1,,
V70,V70,10,1,,
V75,V75,10,1,,
V80,V80,10,1,,
V80M,V80M,10,1,,
V90,V90,10,1,,
VR150,VR150,10,1,,
WR125,WR125,10,1,,
WR200,WR200,10,1,,
WR300,WR300,10,1,,
WR250,WR250,10,1,,
WR500,WR500,10,1,,
Y100,Y100,10,1,,
Y100 Sport,Y100 Sport,10,1,,
YCS-1,YCS-1,10,1,,
YCS-1-Bonanza,YCS-1-Bonanza,10,1,,
YA-1[5],YA-1[5],10,1,,
YA-6,YA-6,10,1,,
YA-6 Santa Barbara,YA-6 Santa Barbara,10,1,,
YA-7,YA-7,10,1,,
YAS-1,YAS-1,10,1,,
YB50,YB50,10,1,,
YB100,YB100,10,1,,
YC-1[6],YC-1[6],10,1,,
YD,YD,10,1,,
YD-1[7],YD-1[7],10,1,,
YD-2,YD-2,10,1,,
YD-3,YD-3,10,1,,
YDS-1,YDS-1,10,1,,
YDS-3,YDS-3,10,1,,
YDS-3C Big Bear,YDS-3C Big Bear,10,1,,
YDS6C[8],YDS6C[8],10,1,,
YE1,YE1,10,1,,
YE2,YE2,10,1,,
YES1,YES1,10,1,,
YG1,YG1,10,1,,
YG1K[9],YG1K[9],10,1,,
YG2,YG2,10,1,,
YG3,YG3,10,1,,
YG5,YG5,10,1,,
YG-T,YG-T,10,1,,
YJ-1,YJ-1,10,1,,
L2,L2,10,1,,
YAS1,YAS1,10,1,,
YAS2,YAS2,10,1,,
YAS3,YAS3,10,1,,
YL1,YL1,10,1,,
YL2,YL2,10,1,,
YL2C,YL2C,10,1,,
YM1,YM1,10,1,,
YM1S,YM1S,10,1,,
YM2C,YM2C,10,1,,
YR1,YR1,10,1,,
YR2,YR2,10,1,,
YR3,YR3,10,1,,
YSR50,YSR50,10,1,,
AG125,AG125,10,1,,
AG200,AG200,10,1,,
BT1100 Bulldog,BT1100 Bulldog,10,1,,
BW80,BW80,10,1,,
BW200,BW200,10,1,,
BW350,BW350,10,1,,
Fascino,Fascino,10,1,,
Fazer25,Fazer25,10,1,,
FJ600,FJ600,10,1,,
FJ750,FJ750,10,1,,
FJ1100,FJ1100,10,1,,
FJ1200,FJ1200,10,1,,
FJ1200 ABS,FJ1200 ABS,10,1,,
FJR1300,FJR1300,10,1,,
FZS 600,FZS 600,10,1,,
FZ1 / FZ6,FZ1 / FZ6,10,1,,
FZ16 / Byson / FZ-S / Fazer,FZ16 / Byson / FZ-S / Fazer,10,1,,
Yamaha FZ FI V2.0,Yamaha FZ FI V2.0,10,1,,
Yamaha FZS FI V2.0,Yamaha FZS FI V2.0,10,1,,
Yamaha Fazer FI V2.0,Yamaha Fazer FI V2.0,10,1,,
FZ25,FZ25,10,1,,
FZ150i / V-Ixion,FZ150i / V-Ixion,10,1,,
FZ250,FZ250,10,1,,
FZ400,FZ400,10,1,,
FZ600,FZ600,10,1,,
FZ750,FZ750,10,1,,
FZR250,FZR250,10,1,,
FZR250R,FZR250R,10,1,,
FZR400,FZR400,10,1,,
FZR400RR,FZR400RR,10,1,,
FZR400RR SP,FZR400RR SP,10,1,,
FZR600R,FZR600R,10,1,,
FZR750R/0W01,FZR750R/0W01,10,1,,
FZS FI v3.0 (ABS),FZS FI v3.0 (ABS),10,1,,
FZS FI (Dual Disc),FZS FI (Dual Disc),10,1,,
FZS FI (Limited),FZS FI (Limited),10,1,,
FZS FI,FZS FI,10,1,,
FZ FI,FZ FI,10,1,,
FZ8 and FAZER8,FZ8 and FAZER8,10,1,,
FZR1000,FZR1000,10,1,,
FZX700/750 Fazer,FZX700/750 Fazer,10,1,,
Golden Eagle 300,Golden Eagle 300,10,1,,
GTS1000,GTS1000,10,1,,
GX750,GX750,10,1,,
Jog,Jog,10,1,,
Morpho I,Morpho I,10,1,,
MT-01,MT-01,10,1,,
MT-125,MT-125,10,1,,
MT-15,MT-15,10,1,,
MT-15 Tracer,MT-15 Tracer,10,1,,
MT-25,MT-25,10,1,,
MT-03,MT-03,10,1,,
MT-06,MT-06,10,1,,
MT-07,MT-07,10,1,,
MT-700 Tracer,MT-700 Tracer,10,1,,
Tracer 700 GT,Tracer 700 GT,10,1,,
MT-08,MT-08,10,1,,
MT-09 / FZ-09,MT-09 / FZ-09,10,1,,
MT-09 Tracer / FJ-09,MT-09 Tracer / FJ-09,10,1,,
Tracer 900 GT,Tracer 900 GT,10,1,,
MT-10,MT-10,10,1,,
Niken(3 wheels),Niken(3 wheels),10,1,,
Niken GT,Niken GT,10,1,,
R15 S,R15 S,10,1,,
R15 V3 ABS,R15 V3 ABS,10,1,,
Ray Z,Ray Z,10,1,,
Ray ZR,Ray ZR,10,1,,
Saluto (UBS – Disc),Saluto (UBS – Disc),10,1,,
Scorpio Z,Scorpio Z,10,1,,
Serow225-1,Serow225-1,10,1,,
SRX250,SRX250,10,1,,
SRX250F,SRX250F,10,1,,
SRX400,SRX400,10,1,,
SRX6,SRX6,10,1,,
SRX 600,SRX 600,10,1,,
SRV250,SRV250,10,1,,
Yamaha SR1,Yamaha SR1,10,1,,
SR125,SR125,10,1,,
SR185,SR185,10,1,,
SR250,SR250,10,1,,
SR400,SR400,10,1,,
SR500,SR500,10,1,,
SR600,SR600,10,1,,
SRX250,SRX250,10,1,,
SRX600,SRX600,10,1,,
Star Eluder,Star Eluder,10,1,,
Star Venture,Star Venture,10,1,,
Star Venture TC,Star Venture TC,10,1,,
Crux,Crux,10,1,,
Libero G5,Libero G5,10,1,,
YBA-125 Enticer,YBA-125 Enticer,10,1,,
Gladiator,Gladiator,10,1,,
SS 125,SS 125,10,1,,
YBR 125,YBR 125,10,1,,
RS110F,RS110F,10,1,,
STX,STX,10,1,,
SZ,SZ,10,1,,
SZ-RR SE,SZ-RR SE,10,1,,
SZ-RR Core,SZ-RR Core,10,1,,
SZ150RR,SZ150RR,10,1,,
SZR150,SZR150,10,1,,
SZR 660,SZR 660,10,1,,
T-150,T-150,10,1,,
TDM 850,TDM 850,10,1,,
TDM900,TDM900,10,1,,
TRX850,TRX850,10,1,,
TFX-150,TFX-150,10,1,,
TT225,TT225,10,1,,
TT 250 AUS only model,TT 250 AUS only model,10,1,,
TT 350,TT 350,10,1,,
TT 500,TT 500,10,1,,
TT600R,TT600R,10,1,,
TTR50,TTR50,10,1,,
TTR90,TTR90,10,1,,
TTR110,TTR110,10,1,,
TTR125,TTR125,10,1,,
TTR150,TTR150,10,1,,
TTR225,TTR225,10,1,,
TTR230,TTR230,10,1,,
TTR250,TTR250,10,1,,
TTR325,TTR325,10,1,,
TZM 150,TZM 150,10,1,,
TZM 250,TZM 250,10,1,,
TW125,TW125,10,1,,
TW200,TW200,10,1,,
TX500,TX500,10,1,,
TX600,TX600,10,1,,
TX650,TX650,10,1,,
TX750,TX750,10,1,,
Venture,Venture,10,1,,
XVZ1200 Venture Royale,XVZ1200 Venture Royale,10,1,,
XVZ1300 Venture Royale,XVZ1300 Venture Royale,10,1,,
V-Star 250,V-Star 250,10,1,,
V-Star 650 Custom,V-Star 650 Custom,10,1,,
V-Star 650 Classic,V-Star 650 Classic,10,1,,
V-Star 1100 Classic,V-Star 1100 Classic,10,1,,
V-Star-1100-Silverado,V-Star-1100-Silverado,10,1,,
V-Star 950 Tourer,V-Star 950 Tourer,10,1,,
V-Star 1300 Tourer,V-Star 1300 Tourer,10,1,,
Virago XV125,Virago XV125,10,1,,
Virago XV250,Virago XV250,10,1,,
Virago XV400,Virago XV400,10,1,,
Virago XV500,Virago XV500,10,1,,
Virago XV535,Virago XV535,10,1,,
Virago XV700,Virago XV700,10,1,,
Virago XV750,Virago XV750,10,1,,
Virago XV920,Virago XV920,10,1,,
Virago XV1000,Virago XV1000,10,1,,
Virago XV1100,Virago XV1100,10,1,,
XV1900A,XV1900A,10,1,,
VMax,VMax,10,1,,
1700Vmax,1700Vmax,10,1,,
"XC125, XC180, and XC200 RIVA Scooter","XC125, XC180, and XC200 RIVA Scooter",10,1,,
XJ400 Diversion,XJ400 Diversion,10,1,,
XJ400,XJ400,10,1,,
XJ400 D,XJ400 D,10,1,,
Yamaha XJ650 Maxim,Yamaha XJ650 Maxim,10,1,,
XJ 550R Seca,XJ 550R Seca,10,1,,
XJ 600,XJ 600,10,1,,
XJ650RJ Seca[10][11],XJ650RJ Seca[10][11],10,1,,
XJ650 Turbo [Yamaha XJ650 Seca Turbo] 1982–85 (Yamaha's only turbo charged road bike),XJ650 Turbo [Yamaha XJ650 Seca Turbo] 1982–85 (Yamaha's only turbo charged road bike),10,1,,
XJ550 / XJ650 / XJ700 / XJ700X / XJ750 / XJ900 / XJ1100 Maxim,XJ550 / XJ650 / XJ700 / XJ700X / XJ750 / XJ900 / XJ1100 Maxim,10,1,,
XJ750D,XJ750D,10,1,,
XJ750 Seca,XJ750 Seca,10,1,,
XJ750 RL (Canadian and Australian markets) 1984,XJ750 RL (Canadian and Australian markets) 1984,10,1,,
XJ750S (Europe),XJ750S (Europe),10,1,,
XJ750 Maxim,XJ750 Maxim,10,1,,
XJ750X Maxim-X,XJ750X Maxim-X,10,1,,
XJ6,XJ6,10,1,,
XJ 600N,XJ 600N,10,1,,
XJ 600S Diversion / Seca II,XJ 600S Diversion / Seca II,10,1,,
XJ900F,XJ900F,10,1,,
XJ 900S Diversion,XJ 900S Diversion,10,1,,
XJ1100 Maxim,XJ1100 Maxim,10,1,,
XJR400,XJR400,10,1,,
XJR400R,XJR400R,10,1,,
XJR1200,XJR1200,10,1,,
XJR1200 Cup,XJR1200 Cup,10,1,,
XJR1200 SP,XJR1200 SP,10,1,,
XJR1300,XJR1300,10,1,,
XJR1300 SP,XJR1300 SP,10,1,,
XS250 / XS360 / XS400 / XS400R Seca 400 / XS500 / XS650 /XS650 Turbo/ XS750 / XS850 / XS Eleven,XS250 / XS360 / XS400 / XS400R Seca 400 / XS500 / XS650 /XS650 Turbo/ XS750 / XS850 / XS Eleven,10,1,,
XS750E,XS750E,10,1,,
XS750S Custom,XS750S Custom,10,1,,
XS1100,XS1100,10,1,,
XS 1100 Martini,XS 1100 Martini,10,1,,
XS 1100 SF Midnight Special,XS 1100 SF Midnight Special,10,1,,
XS1100 Turbo,XS1100 Turbo,10,1,,
XSR125,XSR125,10,1,,
XSR150 Xabre,XSR150 Xabre,10,1,,
XSR155,XSR155,10,1,,
XSR155 ABS,XSR155 ABS,10,1,,
XSR250,XSR250,10,1,,
XSR300,XSR300,10,1,,
XSR700,XSR700,10,1,,
XSR700 Super7,XSR700 Super7,10,1,,
XSR700 Xtribute,XSR700 Xtribute,10,1,,
XSR700 Enduro,XSR700 Enduro,10,1,,
XSR900,XSR900,10,1,,
XSR900RZ,XSR900RZ,10,1,,
XT200 / XT225 / XT250 / XT350 / XT400E / XT500 / XT550 / XT600 / XT600E,XT200 / XT225 / XT250 / XT350 / XT400E / XT500 / XT550 / XT600 / XT600E,10,1,,
XT 660,XT 660,10,1,,
XT 125 R / 125 x,XT 125 R / 125 x,10,1,,
XTZ 250,XTZ 250,10,1,,
XTZ 660,XTZ 660,10,1,,
XTZ 700,XTZ 700,10,1,,
XTZ 750,XTZ 750,10,1,,
XV920R,XV920R,10,1,,
Yamaha Bolt / XV950 / Bolt,Yamaha Bolt / XV950 / Bolt,10,1,,
XV950 Racer,XV950 Racer,10,1,,
XVS Drag Star 125,XVS Drag Star 125,10,1,,
XVS 650 Drag Star,XVS 650 Drag Star,10,1,,
XVS 1100 Drag Star,XVS 1100 Drag Star,10,1,,
XVS 950 Midnight Star,XVS 950 Midnight Star,10,1,,
XVS 1300 Midnight Star,XVS 1300 Midnight Star,10,1,,
XV 1900 Midnight Star,XV 1900 Midnight Star,10,1,,
XVS 1300 Custom,XVS 1300 Custom,10,1,,
XVS 1300 Tour Classic,XVS 1300 Tour Classic,10,1,,
XVS 1300 Touring,XVS 1300 Touring,10,1,,
XVS 1300 VT,XVS 1300 VT,10,1,,
XV1600A Wildstar,XV1600A Wildstar,10,1,,
XV1600 Road Star,XV1600 Road Star,10,1,,
XVZ1300 Royal Star,XVZ1300 Royal Star,10,1,,
XZ 400,XZ 400,10,1,,
XZ 400 D,XZ 400 D,10,1,,
XZ 550 RK,XZ 550 RK,10,1,,
XZ 550 Vision,XZ 550 Vision,10,1,,
YD 100,YD 100,10,1,,
Junoon,Junoon,10,1,,
YBR125,YBR125,10,1,,
YBR125 Cruiser,YBR125 Cruiser,10,1,,
YBR125 Custom,YBR125 Custom,10,1,,
YBR125 Diversion,YBR125 Diversion,10,1,,
YBR150,YBR150,10,1,,
YBR250,YBR250,10,1,,
YD125 ZY154M,YD125 ZY154M,10,1,,
YS125,YS125,10,1,,
YS150,YS150,10,1,,
YS250,YS250,10,1,,
YS250 Fazer,YS250 Fazer,10,1,,
YS300,YS300,10,1,,
YS300 Fazer,YS300 Fazer,10,1,,
YSR50,YSR50,10,1,,
YX600 Radian,YX600 Radian,10,1,,
YZF R3,YZF R3,10,1,,
YZF600R,YZF600R,10,1,,
YZF 600 Thundercat,YZF 600 Thundercat,10,1,,
YZF750R,YZF750R,10,1,,
YZF1000R,YZF1000R,10,1,,
YZF 1000 Genesis,YZF 1000 Genesis,10,1,,
YZF1000R Thunderace,YZF1000R Thunderace,10,1,,
YZF-R125 / YZF-R3 / YZF-R4 / YZF-R6 / YZF-R7,YZF-R125 / YZF-R3 / YZF-R4 / YZF-R6 / YZF-R7,10,1,,
YZF-R1 / YZF-R15,YZF-R1 / YZF-R15,10,1,,
YZF-R1-M,YZF-R1-M,10,1,,
YZF-R1-SP,YZF-R1-SP,10,1,,
YZF-R25,YZF-R25,10,1,,
Zeal 250,Zeal 250,10,1,,
Zeal 400,Zeal 400,10,1,,
ZR150,ZR150,10,1,,
Lagenda series (Asia),Lagenda series (Asia),10,1,,
Yamaha Finn (Asia),Yamaha Finn (Asia),10,1,,
Yamaha LC50 (Asia),Yamaha LC50 (Asia),10,1,,
Yamaha MJ50 (Asia),Yamaha MJ50 (Asia),10,1,,
"Yamaha V50m(U.K,Europe and Asia)","Yamaha V50m(U.K,Europe and Asia)",10,1,,
Yamaha C3 50cc (U.S.),Yamaha C3 50cc (U.S.),10,1,,
Yamaha Lexam (Vietnam),Yamaha Lexam (Vietnam),10,1,,
Yamaha Nouvo (Asia),Yamaha Nouvo (Asia),10,1,,
Yamaha Mio (Asia),Yamaha Mio (Asia),10,1,,
Yamaha Sirius (Asia),Yamaha Sirius (Asia),10,1,,
Yamaha X-1 (Asia),Yamaha X-1 (Asia),10,1,,
Yamaha X-1R (Thailand),Yamaha X-1R (Thailand),10,1,,
Chappy,Chappy,10,1,,
Yamaha Aerox R 50 cc (E.U.),Yamaha Aerox R 50 cc (E.U.),10,1,,
Yamaha Aerox TY race replica 50 cc (E.U.),Yamaha Aerox TY race replica 50 cc (E.U.),10,1,,
Yamaha Beluga,Yamaha Beluga,10,1,,
Yamaha BJ 50 cc (Japan),Yamaha BJ 50 cc (Japan),10,1,,
Yamaha BW's NBA 50 cc (E.U.),Yamaha BW's NBA 50 cc (E.U.),10,1,,
Yamaha BW's 50 cc (E.U.),Yamaha BW's 50 cc (E.U.),10,1,,
Yamaha BWs Naked 50 cc (E.U.),Yamaha BWs Naked 50 cc (E.U.),10,1,,
Yamaha BW's 12 inch 50 cc (E.U.),Yamaha BW's 12 inch 50 cc (E.U.),10,1,,
Yamaha BW's Next Generation 50 cc (E.U.),Yamaha BW's Next Generation 50 cc (E.U.),10,1,,
Yamaha F1ZR/ss two (asia),Yamaha F1ZR/ss two (asia),10,1,,
Yamaha Giggle 50 cc (E.U.),Yamaha Giggle 50 cc (E.U.),10,1,,
Yamaha JogR 50 cc (E.U.),Yamaha JogR 50 cc (E.U.),10,1,,
Yamaha JogRR 50 cc (E.U.),Yamaha JogRR 50 cc (E.U.),10,1,,
Yamaha JogRR MotoGP 50 cc (E.U.),Yamaha JogRR MotoGP 50 cc (E.U.),10,1,,
Yamaha Jog Deluxe 50 cc (Japan),Yamaha Jog Deluxe 50 cc (Japan),10,1,,
Yamaha Jog ZR 50 cc (Japan),Yamaha Jog ZR 50 cc (Japan),10,1,,
Yamaha Jog Poche 50 cc (Japan),Yamaha Jog Poche 50 cc (Japan),10,1,,
Yamaha JR120S Super,Yamaha JR120S Super,10,1,,
Yamaha Neo's 50 cc (E.U.),Yamaha Neo's 50 cc (E.U.),10,1,,
Yamaha Neo's 4-Stroke 50 cc (E.U.),Yamaha Neo's 4-Stroke 50 cc (E.U.),10,1,,
Yamaha Slider Naked 50 cc (E.U.),Yamaha Slider Naked 50 cc (E.U.),10,1,,
Yamaha Why 50 cc (E.U.),Yamaha Why 50 cc (E.U.),10,1,,
Yamaha Vino 125 (U.S.),Yamaha Vino 125 (U.S.),10,1,,
Yamaha Vino Classic 50 cc (U.S.),Yamaha Vino Classic 50 cc (U.S.),10,1,,
Yamaha Rex 50 cc (E.U.),Yamaha Rex 50 cc (E.U.),10,1,,
Yamaha Zest 50 cc (E.U.),Yamaha Zest 50 cc (E.U.),10,1,,
Yamaha Zuma 50 cc (U.S.),Yamaha Zuma 50 cc (U.S.),10,1,,
Yamaha Vox 50 cc (Japan),Yamaha Vox 50 cc (Japan),10,1,,
Yamaha Vino 50 cc (Japan),Yamaha Vino 50 cc (Japan),10,1,,
Yamaha Molte Vino 50 cc (Japan),Yamaha Molte Vino 50 cc (Japan),10,1,,
Yamaha U7E,Yamaha U7E,10,1,,
Yamaha RX-Z 135,Yamaha RX-Z 135,10,1,,
Y125Z (Asia),Y125Z (Asia),10,1,,
Zuma 125 (U.S.),Zuma 125 (U.S.),10,1,,
Jupiter MX/135LC/Spark 135/Sniper (Asia),Jupiter MX/135LC/Spark 135/Sniper (Asia),10,1,,
Yamaha Axis Grand 100 cc(Japan),Yamaha Axis Grand 100 cc(Japan),10,1,,
Yamaha Aerox / NVX 125 / 155 cc / ABS,Yamaha Aerox / NVX 125 / 155 cc / ABS,10,1,,
Yamaha CygnusX 125 cc (E.U./Japan),Yamaha CygnusX 125 cc (E.U./Japan),10,1,,
Yamaha CygnusX SR 125 cc (Japan),Yamaha CygnusX SR 125 cc (Japan),10,1,,
Yamaha Force 155 cc,Yamaha Force 155 cc,10,1,,
Yamaha Iron Max 125,Yamaha Iron Max 125,10,1,,
Yamaha Iron Max 250,Yamaha Iron Max 250,10,1,,
Yamaha Iron Max 300,Yamaha Iron Max 300,10,1,,
Yamaha Iron Max 400,Yamaha Iron Max 400,10,1,,
Yamaha Iron Max 530,Yamaha Iron Max 530,10,1,,
Yamaha Majesty 125 cc (E.U.),Yamaha Majesty 125 cc (E.U.),10,1,,
Yamaha Vity 125 cc (E.U.),Yamaha Vity 125 cc (E.U.),10,1,,
Yamaha X-City 125 cc (E.U.),Yamaha X-City 125 cc (E.U.),10,1,,
Yamaha BLACK X-MAX 125 cc (E.U.),Yamaha BLACK X-MAX 125 cc (E.U.),10,1,,
Yamaha X-MAX 125 cc (E.U.),Yamaha X-MAX 125 cc (E.U.),10,1,,
Yamaha X-City 250 cc (E.U.),Yamaha X-City 250 cc (E.U.),10,1,,
Yamaha BLACK X-MAX 250 cc (E.U.),Yamaha BLACK X-MAX 250 cc (E.U.),10,1,,
Yamaha X-MAX 250 cc (E.U.),Yamaha X-MAX 250 cc (E.U.),10,1,,
Yamaha Maxam 250 cc (Japan),Yamaha Maxam 250 cc (Japan),10,1,,
Yamaha Morphous 250 (CP250VL) (U.S.),Yamaha Morphous 250 (CP250VL) (U.S.),10,1,,
Yamaha Majesty 125 cc,Yamaha Majesty 125 cc,10,1,,
Yamaha Majesty 250 cc (Japan),Yamaha Majesty 250 cc (Japan),10,1,,
YP400 Majesty / ABS (E.U./U.S.),YP400 Majesty / ABS (E.U./U.S.),10,1,,
Yamaha MW-Vision,Yamaha MW-Vision,10,1,,
Yamaha MWC-4,Yamaha MWC-4,10,1,,
Yamaha NMAX 125 cc / ABS,Yamaha NMAX 125 cc / ABS,10,1,,
Yamaha NMAX 155 cc VVA / ABS,Yamaha NMAX 155 cc VVA / ABS,10,1,,
Yamaha XMAX 300 cc / ABS,Yamaha XMAX 300 cc / ABS,10,1,,
Yamaha XMAX 400 cc / ABS   (E.U.),Yamaha XMAX 400 cc / ABS   (E.U.),10,1,,
Yamaha Grand Majesty 400 cc (Japan),Yamaha Grand Majesty 400 cc (Japan),10,1,,
Yamaha TMAX / ABS (E.U./U.S.),Yamaha TMAX / ABS (E.U./U.S.),10,1,,
Yamaha TMAX Tech 560,Yamaha TMAX Tech 560,10,1,,
Yamaha BLACK TMAX / ABS (E.U.),Yamaha BLACK TMAX / ABS (E.U.),10,1,,
Yamaha Tricity 125,Yamaha Tricity 125,10,1,,
Yamaha Tricity 125 ABS,Yamaha Tricity 125 ABS,10,1,,
Yamaha Tricity 155 (Philippines),Yamaha Tricity 155 (Philippines),10,1,,
Yamaha Tricity 155 ABS,Yamaha Tricity 155 ABS,10,1,,
Yamaha Tricity 250,Yamaha Tricity 250,10,1,,
Yamaha Tricity 300,Yamaha Tricity 300,10,1,,
Yamaha Tricity 400,Yamaha Tricity 400,10,1,,
Yamaha 150 MX King (Indonesia),Yamaha 150 MX King (Indonesia),10,1,,
Yamaha 3CT,Yamaha 3CT,10,1,,
Yamaha Y15ZR V2 (Malaysia),Yamaha Y15ZR V2 (Malaysia),10,1,,
YD1,YD1,10,1,,
RD48,RD48,10,1,,
AS1,AS1,10,1,,
YR1,YR1,10,1,,
YR2,YR2,10,1,,
YR3,YR3,10,1,,
TA125,TA125,10,1,,
TD1,TD1,10,1,,
TD2,TD2,10,1,,
TR2,TR2,10,1,,
TR3,TR3,10,1,,
TZ50,TZ50,10,1,,
TZ125,TZ125,10,1,,
TZ250,TZ250,10,1,,
TZ350,TZ350,10,1,,
TZ500,TZ500,10,1,,
TZ700,TZ700,10,1,,
TZ750,TZ750,10,1,,
0W48R,0W48R,10,1,,
RD56,RD56,10,1,,
Yz80,Yz80,10,1,,
YZR500,YZR500,10,1,,
YZR-M1,YZR-M1,10,1,,
0W01,0W01,10,1,,
YZE750T,YZE750T,10,1,,
YZE850T,YZE850T,10,1,,
TDR125,TDR125,10,1,,
TDR250,TDR250,10,1,,
CT175,CT175,10,1,,
DT50,DT50,10,1,,
DT80,DT80,10,1,,
DT100,DT100,10,1,,
DT125,DT125,10,1,,
DT175,DT175,10,1,,
DT200,DT200,10,1,,
DT230,DT230,10,1,,
DT250,DT250,10,1,,
DT360,DT360,10,1,,
DT400,DT400,10,1,,
L5,L5,10,1,,
YL-1,YL-1,10,1,,
YL2,YL2,10,1,,
YL2C,YL2C,10,1,,
FZT750 (Paris-Dakar),FZT750 (Paris-Dakar),10,1,,
FZT900 (Paris-Dakar),FZT900 (Paris-Dakar),10,1,,
TT125R,TT125R,10,1,,
TW125,TW125,10,1,,
TW200,TW200,10,1,,
TW225,TW225,10,1,,
TW225E,TW225E,10,1,,
WR125X,WR125X,10,1,,
WR250X,WR250X,10,1,,
XT200,XT200,10,1,,
XT125X,XT125X,10,1,,
XT500,XT500,10,1,,
XT660R,XT660R,10,1,,
XT660X,XT660X,10,1,,
XTZ660 Tenere,XTZ660 Tenere,10,1,,
Ténéré 700,Ténéré 700,10,1,,
XTZ750 Super Tenere,XTZ750 Super Tenere,10,1,,
XT1200Z Super Tenere,XT1200Z Super Tenere,10,1,,
YZE750 (Paris-Dakar),YZE750 (Paris-Dakar),10,1,,
YZE850 (Paris-Dakar),YZE850 (Paris-Dakar),10,1,,
AG175 / AT1 / AT2 / AT3,AG175 / AT1 / AT2 / AT3,10,1,,
BW80 / BW200 / BW350,BW80 / BW200 / BW350,10,1,,
CT1 / CT2 / CT3,CT1 / CT2 / CT3,10,1,,
DT1 / DT2 / DT3,DT1 / DT2 / DT3,10,1,,
JT1 / JT2,JT1 / JT2,10,1,,
RT1 / RT2 / RT3,RT1 / RT2 / RT3,10,1,,
LT2,LT2,10,1,,
TTR92,TTR92,10,1,,
TTR90,TTR90,10,1,,
TTR110,TTR110,10,1,,
TTR125,TTR125,10,1,,
XT125R,XT125R,10,1,,
XT225,XT225,10,1,,
TTR225,TTR225,10,1,,
TTR230,TTR230,10,1,,
TT250,TT250,10,1,,
TTR250,TTR250,10,1,,
WR250R,WR250R,10,1,,
WR250F,WR250F,10,1,,
XT250,XT250,10,1,,
TT350,TT350,10,1,,
XT350,XT350,10,1,,
XT400,XT400,10,1,,
TT500,TT500,10,1,,
XT500,XT500,10,1,,
XT550,XT550,10,1,,
TT600,TT600,10,1,,
XT 600,XT 600,10,1,,
XT600Z,XT600Z,10,1,,
XT660R,XT660R,10,1,,
XT660Z Ténéré,XT660Z Ténéré,10,1,,
IT125,IT125,10,1,,
IT175,IT175,10,1,,
IT200,IT200,10,1,,
IT250,IT250,10,1,,
IT250H,IT250H,10,1,,
IT400,IT400,10,1,,
IT425,IT425,10,1,,
IT465,IT465,10,1,,
IT490,IT490,10,1,,
WR250,WR250,10,1,,
YZ125X,YZ125X,10,1,,
XT500,XT500,10,1,,
TT600R,TT600R,10,1,,
WR250R,WR250R,10,1,,
WR250F,WR250F,10,1,,
WR400F,WR400F,10,1,,
WR426F,WR426F,10,1,,
WR450F,WR450F,10,1,,
WR125R,WR125R,10,1,,
WR125X,WR125X,10,1,,
TY50,TY50,10,1,,
TY80,TY80,10,1,,
TY125,TY125,10,1,,
TY175,TY175,10,1,,
TY200,TY200,10,1,,
TY250,TY250,10,1,,
TY350,TY350,10,1,,
YZ50,YZ50,10,1,,
YZ60,YZ60,10,1,,
YZ65,YZ65,10,1,,
GT80,GT80,10,1,,
YZ80,YZ80,10,1,,
YZ85,YZ85,10,1,,
LT100MX,LT100MX,10,1,,
MX100,MX100,10,1,,
YZ100,YZ100,10,1,,
RT100,RT100,10,1,,
MX125,MX125,10,1,,
YZ125,YZ125,10,1,,
MX175,MX175,10,1,,
YZ175,YZ175,10,1,,
RT180,RT180,10,1,,
MX250,MX250,10,1,,
YZ250,YZ250,10,1,,
WR250,WR250,10,1,,
MX360,MX360,10,1,,
YZ360,YZ360,10,1,,
MX400,MX400,10,1,,
YZ300E,YZ300E,10,1,,
YZ400,YZ400,10,1,,
YZ465,YZ465,10,1,,
YZ490,YZ490,10,1,,
YZM500,YZM500,10,1,,
WR500,WR500,10,1,,
SC500,SC500,10,1,,
HL500,HL500,10,1,,
SC500MX,SC500MX,10,1,,
YZ250F,YZ250F,10,1,,
YZ400F,YZ400F,10,1,,
YZ426F,YZ426F,10,1,,
YZ450F,YZ450F,10,1,,
PW50,PW50,10,1,,
PW80,PW80,10,1,,
TTR50,TTR50,10,1,,
TTR80,TTR80,10,1,,
TTR90,TTR90,10,1,,
TTR110,TTR110,10,1,,
TTR125,TTR125,10,1,,
TTR230,TTR230,10,1,,
Rodeo / D-Max,Rodeo / D-Max,11,1,,
Hombre crew cab,Hombre crew cab,11,1,,
i-Series,i-Series,11,1,,
117 Coupe,117 Coupe,11,1,,
Amigo 3 doors,Amigo 3 doors,11,1,,
Amigo cabrio,Amigo cabrio,11,1,,
Ascender,Ascender,11,1,,
Axiom,Axiom,11,1,,
MU-7,MU-7,11,1,,
Trooper 3 doors,Trooper 3 doors,11,1,,
Trooper 5 doors,Trooper 5 doors,11,1,,
CR4,CR4,12,1,,
CR5,CR5,12,1,,
CR6,CR6,12,1,,
GP200,GP200,12,1,,
GP250,GP250,12,1,,
GP300,GP300,12,1,,
JL150-23 Hesion,JL150-23 Hesion,12,1,,
JL150-58 CR1,JL150-58 CR1,12,1,,
JL200GY-2C Ranger,JL200GY-2C Ranger,12,1,,
JL250GY Rover,JL250GY Rover,12,1,,
LX 125,LX 125,12,1,,
LX 150 Rallye,LX 150 Rallye,12,1,,
LX 150-4B,LX 150-4B,12,1,,
LX 200 GY-4A,LX 200 GY-4A,12,1,,
LX110ATV-M Panther,LX110ATV-M Panther,12,1,,
LX125-2I Mars,LX125-2I Mars,12,1,,
LX125-71A City Star L,LX125-71A City Star L,12,1,,
LX150-30 Spitzer,LX150-30 Spitzer,12,1,,
LX150-30A Spitzer NK,LX150-30A Spitzer NK,12,1,,
LX150-58 Yorobo,LX150-58 Yorobo,12,1,,
LX150-70C Comanche,LX150-70C Comanche,12,1,,
LX150T-7II Falcon IV,LX150T-7II Falcon IV,12,1,,
LX175-21 CR5,LX175-21 CR5,12,1,,
LX200ATV-M Storm,LX200ATV-M Storm,12,1,,
LX200ATV-S Bull,LX200ATV-S Bull,12,1,,
LX200ZH,LX200ZH,12,1,,
LX250ATV-F Leopard,LX250ATV-F Leopard,12,1,,
LX50ATV-2 Kitten,LX50ATV-2 Kitten,12,1,,
Reiz,Reiz,12,1,,
SK 110,SK 110,12,1,,
SX1,SX1,12,1,,
SX2,SX2,12,1,,
TH125,TH125,12,1,,
FK110ZH-B,FK110ZH-B,13,1,,
FK110ZH-A,FK110ZH-A,13,1,,
FK200ZH-A,FK200ZH-A,13,1,,
FK150ZH-A,FK150ZH-A,13,1,,
FK150ZH-G,FK150ZH-G,13,1,,
FK150-8E,FK150-8E,13,1,,
FK150-12A,FK150-12A,13,1,,
FK150-11C,FK150-11C,13,1,,
FK350-15A,FK350-15A,13,1,,
FK150-10D,FK150-10D,13,1,,
FK150-10C,FK150-10C,13,1,,
FK150-8E,FK150-8E,13,1,,
FK150-8D,FK150-8D,13,1,,
FK150-13A,FK150-13A,13,1,,
FK150-12A,FK150-12A,13,1,,
FK150-14A,FK150-14A,13,1,,
FK250-A,FK250-A,13,1,,
FK125T-8A,FK125T-8A,13,1,,
FK125T-6A,FK125T-6A,13,1,,
FK100T-2A,FK100T-2A,13,1,,
FK100T-10A,FK100T-10A,13,1,,
FK125T-7A,FK125T-7A,13,1,,
FK125T-5A,FK125T-5A,13,1,,
FK125T-7A,FK125T-7A,13,1,,
 FK125T-5A, FK125T-5A,13,1,,
FK125T-6A,FK125T-6A,13,1,,
FK100T-4A,FK100T-4A,13,1,,
FK100T-3A,FK100T-3A,13,1,,
FK125T-4A,FK125T-4A,13,1,,
FK48QT-A,FK48QT-A,13,1,,
FK48QT-G,FK48QT-G,13,1,,
FK110-3C,FK110-3C,13,1,,
FK110-3A,FK110-3A,13,1,,
FK110-3A,FK110-3A,13,1,,
FK110-G,FK110-G,13,1,,
FK110-2G,FK110-2G,13,1,,
FK48Q-2A,FK48Q-2A,13,1,,
FK48Q-2G,FK48Q-2G,13,1,,
Mitsubishi 360,Mitsubishi 360,14,1,,
Mitsubishi Colt,Mitsubishi Colt,14,1,,
Mitsubishi i,Mitsubishi i,14,1,,
Mitsubishi i-MiEV,Mitsubishi i-MiEV,14,1,,
Mitsubishi Minica,Mitsubishi Minica,14,1,,
Mitsubishi Pajero Mini,Mitsubishi Pajero Mini,14,1,,
Mitsubishi Toppo,Mitsubishi Toppo,14,1,,
Mitsubishi Town Bee,Mitsubishi Town Bee,14,1,,
Mitsubishi Towny,Mitsubishi Towny,14,1,,
Mitsubishi 380,Mitsubishi 380,14,1,,
Mitsubishi 500,Mitsubishi 500,14,1,,
Mitsubishi Aspire,Mitsubishi Aspire,14,1,,
Mitsubishi Attrage 4 doors,Mitsubishi Attrage 4 doors,14,1,,
Mitsubishi Celeste 2/4 doors,Mitsubishi Celeste 2/4 doors,14,1,,
Mitsubishi Champ 4 doors,Mitsubishi Champ 4 doors,14,1,,
Mitsubishi Colt 11-F 4 doors,Mitsubishi Colt 11-F 4 doors,14,1,,
Mitsubishi Colt 600,Mitsubishi Colt 600,14,1,,
Mitsubishi Colt 1000 4 doors,Mitsubishi Colt 1000 4 doors,14,1,,
Mitsubishi Colt 1100,Mitsubishi Colt 1100,14,1,,
Mitsubishi Colt 1100F,Mitsubishi Colt 1100F,14,1,,
Mitsubishi Colt 1200,Mitsubishi Colt 1200,14,1,,
Mitsubishi Colt 1500,Mitsubishi Colt 1500,14,1,,
Mitsubishi Colt Galant 4 doors,Mitsubishi Colt Galant 4 doors,14,1,,
Mitsubishi Debonair,Mitsubishi Debonair,14,1,,
Mitsubishi Diamante,Mitsubishi Diamante,14,1,,
Mitsubishi Dignity,Mitsubishi Dignity,14,1,,
Mitsubishi Emeraude 4 doors,Mitsubishi Emeraude 4 doors,14,1,,
Mitsubishi Emeraude 4 doors hardtop,Mitsubishi Emeraude 4 doors hardtop,14,1,,
Mitsubishi Eterna 4 doors,Mitsubishi Eterna 4 doors,14,1,,
Mitsubishi Eterna 4 doors hardtop,Mitsubishi Eterna 4 doors hardtop,14,1,,
Mitsubishi Galant Fortis 4 doors,Mitsubishi Galant Fortis 4 doors,14,1,,
Mitsubishi Grunder,Mitsubishi Grunder,14,1,,
Mitsubishi Lancer (A70) 2 doors,Mitsubishi Lancer (A70) 2 doors,14,1,,
Mitsubishi Henry J,Mitsubishi Henry J,14,1,,
Mitsubishi Lancer Evolution 4 doors,Mitsubishi Lancer Evolution 4 doors,14,1,,
Mitsubishi Lancer (A70) 4 doors,Mitsubishi Lancer (A70) 4 doors,14,1,,
Mitsubishi Lancer Evolution X,Mitsubishi Lancer Evolution X,14,1,,
Mitsubishi Lancer WRC,Mitsubishi Lancer WRC,14,1,,
Mitsubishi Legnum 4 doors,Mitsubishi Legnum 4 doors,14,1,,
Mitsubishi Lettuce,Mitsubishi Lettuce,14,1,,
Mitsubishi Model A,Mitsubishi Model A,14,1,,
Mitsubishi Proudia,Mitsubishi Proudia,14,1,,
Mitsubishi Sapporo,Mitsubishi Sapporo,14,1,,
Mitsubishi Sigma,Mitsubishi Sigma,14,1,,
Mitsubishi 3000GT,Mitsubishi 3000GT,14,1,,
Mitsubishi FTO,Mitsubishi FTO,14,1,,
Mitsubishi Galant FTO,Mitsubishi Galant FTO,14,1,,
Mitsubishi Galant GTO,Mitsubishi Galant GTO,14,1,,
Mitsubishi GTO,Mitsubishi GTO,14,1,,
Mitsubishi Starion,Mitsubishi Starion,14,1,,
Mitsubishi Adventure,Mitsubishi Adventure,14,1,,
Mitsubishi Chariot,Mitsubishi Chariot,14,1,,
Mitsubishi Expo,Mitsubishi Expo,14,1,,
Mitsubishi Jolie,Mitsubishi Jolie,14,1,,
Mitsubishi Kuda,Mitsubishi Kuda,14,1,,
Mitsubishi Nimbus,Mitsubishi Nimbus,14,1,,
Mitsubishi Space Wagon,Mitsubishi Space Wagon,14,1,,
Mitsubishi Xpander,Mitsubishi Xpander,14,1,,
CMC Zinger,CMC Zinger,14,1,,
Mitsubishi Space Star,Mitsubishi Space Star,14,1,,
Mitsubishi Airtrek,Mitsubishi Airtrek,14,1,,
Mitsubishi Challenger,Mitsubishi Challenger,14,1,,
Mitsubishi Eclipse Cross,Mitsubishi Eclipse Cross,14,1,,
Mitsubishi Endeavor,Mitsubishi Endeavor,14,1,,
Mitsubishi Expo LRV 5 doors,Mitsubishi Expo LRV 5 doors,14,1,,
Mitsubishi Jeep 2 doors,Mitsubishi Jeep 2 doors,14,1,,
Mitsubishi Montero,Mitsubishi Montero,14,1,,
Mitsubishi Montero Sport,Mitsubishi Montero Sport,14,1,,
Mitsubishi Nativa,Mitsubishi Nativa,14,1,,
Mitsubishi Outlander,Mitsubishi Outlander,14,1,,
Mitsubishi Outlander Sport,Mitsubishi Outlander Sport,14,1,,
Mitsubishi Pajero,Mitsubishi Pajero,14,1,,
Mitsubishi Shogun Pinin,Mitsubishi Shogun Pinin,14,1,,
Mitsubishi Pajero iO,Mitsubishi Pajero iO,14,1,,
Mitsubishi Pajero Junior,Mitsubishi Pajero Junior,14,1,,
Mitsubishi Pajero Pinin,Mitsubishi Pajero Pinin,14,1,,
Mitsubishi Montero iO,Mitsubishi Montero iO,14,1,,
Mitsubishi Pajero TR4,Mitsubishi Pajero TR4,14,1,,
Mitsubishi Pinin,Mitsubishi Pinin,14,1,,
Mitsubishi Pajero Sport,Mitsubishi Pajero Sport,14,1,,
Mitsubishi Shogun Sport,Mitsubishi Shogun Sport,14,1,,
Mitsubishi RVR,Mitsubishi RVR,14,1,,
Mitsubishi Shogun,Mitsubishi Shogun,14,1,,
Mitsubishi Attrage 3/5 doors,Mitsubishi Attrage 3/5 doors,14,1,,
Mitsubishi Carisma 5 doors,Mitsubishi Carisma 5 doors,14,1,,
Mitsubishi Celeste 3 doors,Mitsubishi Celeste 3 doors,14,1,,
Mitsubishi Champ 3/5 doors,Mitsubishi Champ 3/5 doors,14,1,,
Mitsubishi Mirage Dingo,Mitsubishi Mirage Dingo,14,1,,
Mitsubishi eK,Mitsubishi eK,14,1,,
Mitsubishi Emeraude 5 doors,Mitsubishi Emeraude 5 doors,14,1,,
Mitsubishi Eterna 5 doors,Mitsubishi Eterna 5 doors,14,1,,
Mitsubishi Galant Fortis 5 doors,Mitsubishi Galant Fortis 5 doors,14,1,,
Mitsubishi Lancer (A70) 3 doors,Mitsubishi Lancer (A70) 3 doors,14,1,,
Mitsubishi Lancer Celeste,Mitsubishi Lancer Celeste,14,1,,
Mitsubishi Galant VR-4 5 doors,Mitsubishi Galant VR-4 5 doors,14,1,,
Mitsubishi Pistachio,Mitsubishi Pistachio,14,1,,
Mitsubishi Attrage 5 doors,Mitsubishi Attrage 5 doors,14,1,,
Mitsubishi Celeste 5 doors,Mitsubishi Celeste 5 doors,14,1,,
Mitsubishi Champ 5 doors,Mitsubishi Champ 5 doors,14,1,,
Mitsubishi Colt 11-F 2 doors,Mitsubishi Colt 11-F 2 doors,14,1,,
Mitsubishi Colt Galant 5 doors,Mitsubishi Colt Galant 5 doors,14,1,,
Mitsubishi Expo LRV 4 doors,Mitsubishi Expo LRV 4 doors,14,1,,
Mitsubishi Expo LRV 5 doors,Mitsubishi Expo LRV 5 doors,14,1,,
Mitsubishi Freeca 5 doors,Mitsubishi Freeca 5 doors,14,1,,
Mitsubishi Fuzion,Mitsubishi Fuzion,14,1,,
Mitsubishi Jeep 4 doors,Mitsubishi Jeep 4 doors,14,1,,
Mitsubishi Lancer Evolution 5 doors,Mitsubishi Lancer Evolution 5 doors,14,1,,
Mitsubishi Legnum 5 doors,Mitsubishi Legnum 5 doors,14,1,,
Mitsubishi Colt 1000 2 doors,Mitsubishi Colt 1000 2 doors,14,1,,
Mitsubishi Dion,Mitsubishi Dion,14,1,,
Mitsubishi Grandis,Mitsubishi Grandis,14,1,,
Mitsubishi Lancer (A70) 5 doors,Mitsubishi Lancer (A70) 5 doors,14,1,,
Mitsubishi Libero,Mitsubishi Libero,14,1,,
Mitsubishi Colt 800 3 doors,Mitsubishi Colt 800 3 doors,14,1,,
Mitsubishi Carisma 4 doors,Mitsubishi Carisma 4 doors,14,1,,
Mitsubishi Galant VR-4 4 doors,Mitsubishi Galant VR-4 4 doors,14,1,,
Mitsubishi Colt 800 2 doors,Mitsubishi Colt 800 2 doors,14,1,,
Mitsubishi Colt 800 4 doors,Mitsubishi Colt 800 4 doors,14,1,,
Mitsubishi Colt 800 2 doors,Mitsubishi Colt 800 2 doors,14,1,,
Mitsubishi Colt 800 3 doors,Mitsubishi Colt 800 3 doors,14,1,,
Mitsubishi Cordia,Mitsubishi Cordia,14,1,,
Mitsubishi Eclipse,Mitsubishi Eclipse,14,1,,
Mitsubishi Warrior,Mitsubishi Warrior,14,1,,
Mitsubishi Delica,Mitsubishi Delica,14,1,,
Mitsubishi Forte,Mitsubishi Forte,14,1,,
Mitsubishi G-Wagon,Mitsubishi G-Wagon,14,1,,
Mitsubishi Jolie,Mitsubishi Jolie,14,1,,
Mitsubishi Kuda,Mitsubishi Kuda,14,1,,
Mitsubishi L200,Mitsubishi L200,14,1,,
Mitsubishi Magnum,Mitsubishi Magnum,14,1,,
Mitsubishi Rodeo,Mitsubishi Rodeo,14,1,,
Mitsubishi Sportero,Mitsubishi Sportero,14,1,,
Mitsubishi Storm,Mitsubishi Storm,14,1,,
Mitsubishi Strada,Mitsubishi Strada,14,1,,
Mitsubishi Triton,Mitsubishi Triton,14,1,,
Mitsubishi Mighty Max,Mitsubishi Mighty Max,14,1,,
Mitsubishi Raider,Mitsubishi Raider,14,1,,
Mitsubishi Colt Rodeo 4 doors,Mitsubishi Colt Rodeo 4 doors,14,1,,
Mitsubishi Freeca 2 doors,Mitsubishi Freeca 2 doors,14,1,,
Mitsubishi Colt Bakkie,Mitsubishi Colt Bakkie,14,1,,
Mitsubishi Colt Rodeo 2 doors,Mitsubishi Colt Rodeo 2 doors,14,1,,
Mitsubishi Colt T120SS,Mitsubishi Colt T120SS,14,1,,
Mitsubishi Delica,Mitsubishi Delica,14,1,,
Mitsubishi Express,Mitsubishi Express,14,1,,
Mitsubishi L100,Mitsubishi L100,14,1,,
Mitsubishi L300,Mitsubishi L300,14,1,,
Mitsubishi Maven,Mitsubishi Maven,14,1,,
Mitsubishi Minicab,Mitsubishi Minicab,14,1,,
Mitsubishi Savrin,Mitsubishi Savrin,14,1,,
Mitsubishi Space Gear,Mitsubishi Space Gear,14,1,,
Mitsubishi Star Wagon,Mitsubishi Star Wagon,14,1,,
Mitsubishi Town Box,Mitsubishi Town Box,14,1,,
Mitsubishi Champ 5 doors,Mitsubishi Champ 5 doors,14,1,,
Mitsubishi Lancer,Mitsubishi Lancer,14,1,,
Mitsubishi Galant,Mitsubishi Galant,14,1,,
Mitsubishi Mirage,Mitsubishi Mirage,14,1,,
Mitsubishi Space Runner,Mitsubishi Space Runner,14,1,,
Mitsubishi Precis,Mitsubishi Precis,14,1,,
Mitsubishi Tredia,Mitsubishi Tredia,14,1,,
Mitsubishi Scorpion,Mitsubishi Scorpion,14,1,,
Mitsubishi Sigma Scorpion,Mitsubishi Sigma Scorpion,14,1,,
Mitsubishi V3000,Mitsubishi V3000,14,1,,
Mitsubishi Verada,Mitsubishi Verada,14,1,,
Mitsubishi Magna,Mitsubishi Magna,14,1,,
Mitsubishi MiEV Evolution,Mitsubishi MiEV Evolution,14,1,,
Mitsubishi Colt Galant 2 doors,Mitsubishi Colt Galant 2 doors,14,1,,
Mitsubishi Galant Lambda,Mitsubishi Galant Lambda,14,1,,
Mitsubishi Jeep 2 doors,Mitsubishi Jeep 2 doors,14,1,,
Mitsubishi Pajero Evolution,Mitsubishi Pajero Evolution,14,1,,
Mitsubishi Racing Lancer,Mitsubishi Racing Lancer,14,1,,
Mitsubishi Leo,Mitsubishi Leo,14,1,,
Mazda-Go,Mazda-Go,14,1,,
Mitsubishi Mizushima,Mitsubishi Mizushima,14,1,,
Ka,Ka,15,1,,
Fiesta,Fiesta,15,1,,
Focus,Focus,15,1,,
Mondeo,Mondeo,15,1,,
Fiesta ST,Fiesta ST,15,1,,
Focus ST,Focus ST,15,1,,
Mustang,Mustang,15,1,,
Ranger Raptor,Ranger Raptor,15,1,,
F-150 Raptor,F-150 Raptor,15,1,,
GT,GT,15,1,,
S-Max,S-Max,15,1,,
Galaxy,Galaxy,15,1,,
EcoSport,EcoSport,15,1,,
Puma,Puma,15,1,,
Escape,Escape,15,1,,
Kuga,Kuga,15,1,,
Edge,Edge,15,1,,
Bronco,Bronco,15,1,,
Bronco Sport,Bronco Sport,15,1,,
Mustang Mach-E,Mustang Mach-E,15,1,,
Explorer,Explorer,15,1,,
Expedition,Expedition,15,1,,
Transit Connect,Transit Connect,15,1,,
E-Series,E-Series,15,1,,
Transit Courier,Transit Courier,15,1,,
Transit Custom,Transit Custom,15,1,,
Transit,Transit,15,1,,
Ranger,Ranger,15,1,,
F-150,F-150,15,1,,
Super Duty,Super Duty,15,1,,
Medium Duty Truck,Medium Duty Truck,15,1,,
S2,S2,16,1,,
S3,S3,16,1,,
S6,S6,16,1,,
H2,H2,16,1,,
H3,H3,16,1,,
H6,H6,16,1,,
CEM 5G,CEM 5G,16,1,,
CBR 150,CBR 150,16,1,,
Click III 125,Click III 125,16,1,,
CEM Sport 125,CEM Sport 125,16,1,,
Click 125,Click 125,16,1,,
CMF 110,CMF 110,16,1,,
CS J 125,CS J 125,16,1,,
Dream 110,Dream 110,16,1,,
FA 125,FA 125,16,1,,
Super War 125,Super War 125,16,1,,
Wave 110,Wave 110,16,1,,
Wave 125,Wave 125,16,1,,
X 125,X 125,16,1,,
Scoopy,Scoopy,16,1,,
Qashqai / Dualis,Qashqai / Dualis,17,1,,
Patrol Super Safari,Patrol Super Safari,17,1,,
Patrol Royale,Patrol Royale,17,1,,
Rogue,Rogue,17,1,,
Pathfinder,Pathfinder,17,1,,
Terrano,Terrano,17,1,,
Xterra,Xterra,17,1,,
Lafesta Highway Star ,Lafesta Highway Star ,17,1,,
Serena,Serena,17,1,,
Note,Note,17,1,,
Atlas,Atlas,17,1,,
Cabstar,Cabstar,17,1,,
Sentra,Sentra,17,1,,
Tsuru,Tsuru,17,1,,
Sunny,Sunny,17,1,,
Quest,Quest,17,1,,
NPT-90,NPT-90,17,1,,
R383,R383,17,1,,
Fairlady Z,Fairlady Z,17,1,,
Fairlady Z / 370Z Coupe,Fairlady Z / 370Z Coupe,17,1,,
Silvia,Silvia,17,1,,
Cube,Cube,17,1,,
March,March,17,1,,
Micra,Micra,17,1,,
Cedric,Cedric,17,1,,
Crew,Crew,17,1,,
Leopard,Leopard,17,1,,
Cima,Cima,17,1,,
Gloria,Gloria,17,1,,
Carol,Carol,18,1,,
Scrum,Scrum,18,1,,
Flair,Flair,18,1,,
Flair Wagon,Flair Wagon,18,1,,
Flair Crossover,Flair Crossover,18,1,,
Mazda2,Mazda2,18,1,,
Demio,Demio,18,1,,
Mazda3,Mazda3,18,1,,
Axela,Axela,18,1,,
Mazda6,Mazda6,18,1,,
Atenza,Atenza,18,1,,
MX-5,MX-5,18,1,,
Roadster,Roadster,18,1,,
XV-1 ,XV-1 ,18,1,,
CX-3,CX-3,18,1,,
CX-30,CX-30,18,1,,
MX-30 ,MX-30 ,18,1,,
CX-4,CX-4,18,1,,
CX-5,CX-5,18,1,,
CX-8,CX-8,18,1,,
CX-9,CX-9,18,1,,
BT-50,BT-50,18,1,,
Bongo,Bongo,18,1,,
Bongo Brawny,Bongo Brawny,18,1,,
Familia Van,Familia Van,18,1,,
Scrum,Scrum,18,1,,
Titan,Titan,18,1,,
Hino 300 Series Hybrid,Hino 300 Series Hybrid,19,1,,
HINO Dutro 125LT,HINO Dutro 125LT,19,1,,
HINO Jumbo Ranger,HINO Jumbo Ranger,19,1,,
HINO Ranger commercial grade truck,HINO Ranger commercial grade truck,19,1,,
Hino 165 Hybrid,Hino 165 Hybrid,19,1,,
Miller Lite Hino 338 T Verrastro,Miller Lite Hino 338 T Verrastro,19,1,,
Hino 268 A Cosmos mobile,Hino 268 A Cosmos mobile,19,1,,
Hino 338 three-axle dump,Hino 338 three-axle dump,19,1,,
HINO 155 CAB-OVER,HINO 155 CAB-OVER,19,1,,
HINO 155DC CAB-OVER,HINO 155DC CAB-OVER,19,1,,
HINO 195 CAB-OVER,HINO 195 CAB-OVER,19,1,,
HINO 195DC CAB-OVER,HINO 195DC CAB-OVER,19,1,,
HINO 238 CONVENTIONAL,HINO 238 CONVENTIONAL,19,1,,
HINO 258ALP CONVENTIONAL,HINO 258ALP CONVENTIONAL,19,1,,
HINO 258LP CONVENTIONAL,HINO 258LP CONVENTIONAL,19,1,,
HINO 268 CONVENTIONAL,HINO 268 CONVENTIONAL,19,1,,
HINO 268A CONVENTIONAL,HINO 268A CONVENTIONAL,19,1,,
HINO 338 CONVENTIONAL,HINO 338 CONVENTIONAL,19,1,,
HINO 195h HYBRID CAB-OVER,HINO 195h HYBRID CAB-OVER,19,1,,
HINO 195hDC HYBRID CAB-OVER,HINO 195hDC HYBRID CAB-OVER,19,1,,
HINO RG Bus,HINO RG Bus,19,1,,
HINO RM Bus,HINO RM Bus,19,1,,
HINO S’elega Bus,HINO S’elega Bus,19,1,,
HINO Rainbow BUS,HINO Rainbow BUS,19,1,,
HINO RK Bus,HINO RK Bus,19,1,,
HINO RU1J SSL,HINO RU1J SSL,19,1,,
